Dataset,Model,Method,Variant,N,N_valid,rho_raw,p_raw,rho_partial,p_partial,rho_partial_linear,p_partial_linear,rho_aleatoric,p_aleatoric,shrinkage_pct,Degenerate,p_partial_FDR,Sig_partial_FDR,p_partial_linear_FDR,Sig_partial_linear_FDR
HOME CREDIT,M2,SHAP,prob,2000,2000,,,,,,,0.7664442626110657,0.0,,True,,False,,False
HOME CREDIT,M2,LIME,prob,2000,2000,,,,,,,0.6857030089257522,6.491897134003347e-278,,True,,False,,False
HOME CREDIT,M2,SHAP,logit,2000,2000,,,,,,,0.7432544803136201,0.0,,True,,False,,False
HOME CREDIT,M2,LIME,logit,2000,2000,,,,,,,0.6642752080688019,7.768084477159936e-255,,True,,False,,False
HOME CREDIT,M2,SHAP,norm,2000,1894,,,,,,,0.047139764164178956,0.04023640379814513,,True,,False,,False
HOME CREDIT,M2,LIME,norm,2000,1894,,,,,,,0.11097207436560638,1.2900025531356964e-06,,True,,False,,False
HOME CREDIT,M3,SHAP,prob,2000,2000,0.41254601213650305,4.9265904037392074e-83,-0.014832470208117551,0.509830056647784,-0.058903476862424926,0.00843295878019219,0.7660054450013611,0.0,96.40465068822195,False,0.7244953436573773,False,0.030358651608691882,True
HOME CREDIT,M3,LIME,prob,2000,2000,0.3932056403014101,6.102269882681808e-75,0.05500511725127931,0.018327224258580473,-0.007479175981305282,0.7382355858491054,0.686657300164325,5.470032395810626e-279,86.01110675596735,False,0.07326129385442948,False,0.8467524135099951,False
HOME CREDIT,M3,SHAP,logit,2000,2000,0.4201420875355219,2.31695375854564e-86,-0.002381216095304024,0.9133622125958014,-0.01768829503082542,0.4292860399768104,0.7424549606137401,0.0,99.43323552532625,False,0.967089401572025,False,0.6818072399631694,False
HOME CREDIT,M3,LIME,logit,2000,2000,0.407913131978283,4.789238748699019e-81,0.06425029006257252,0.004665111629456847,0.03752552440903474,0.09348106009663383,0.6649293312323328,1.6376593235391432e-255,84.24902631818357,False,0.025191602799066976,True,0.229453511146283,False
HOME CREDIT,M3,SHAP,norm,2000,1894,0.0397154133069755,0.0839954267511961,0.034190055716878144,0.1299566811062979,0.01307811986510171,0.5695872949918243,0.050480752781911116,0.028029142921767156,13.91237590149137,False,0.31898458089727666,False,0.8028052691996436,False
HOME CREDIT,M3,LIME,norm,2000,1894,0.08570674855482262,0.00018817997416570428,0.03858763931167883,0.09530156614461846,0.027125936506964512,0.23813962555881568,0.11084971158932022,1.3253347421939488e-06,54.977128449813826,False,0.24506117008616174,False,0.47627925111763136,False
HOME CREDIT,M4,SHAP,prob,2000,2000,0.48614097696754716,3.847855745544847e-119,-0.010069609017402255,0.6781072975674776,-0.03577447235831229,0.10982185328053827,0.7617192759654637,0.0,97.92866483294321,False,0.8322225924691771,False,0.2578426120499594,False
HOME CREDIT,M4,LIME,prob,2000,2000,0.4699130539782635,2.1179953360705245e-110,0.0487755511938878,0.033988670443185605,0.0036533319173184886,0.8703298701997103,0.7077574319393579,7.464098404296816e-304,89.62030299414836,False,0.11471176274575141,False,0.8752962731033388,False
HOME CREDIT,M4,SHAP,logit,2000,2000,0.4725296906324226,8.876130707669183e-112,-0.004070263017565755,0.8560479840053316,-0.019250677277428577,0.3896553524993767,0.7297941369485341,0.0,99.13862280016347,False,0.9630539820059979,False,0.6376178495444347,False
HOME CREDIT,M4,LIME,logit,2000,2000,0.4663325305831327,1.5552891135182892e-108,0.05291409722852431,0.020993002332555816,0.03125568134895922,0.1624393567875141,0.6792328008082001,9.74711766979354e-271,88.65314046130193,False,0.07557480839720095,False,0.3373740487125293,False
HOME CREDIT,M4,SHAP,norm,2000,1875,-0.008130509519789374,0.7249639399241852,0.002859201780395173,0.9026991002999001,-0.0107686748293949,0.6413046905868158,8.313972142640965e-06,0.9997129486867787,64.83367034457095,False,0.967089401572025,False,0.824534602183049,False
HOME CREDIT,M4,LIME,norm,2000,1875,0.08787284556027607,0.0001390568163924315,0.04766535488436761,0.03865378207264245,0.033519796792978854,0.14691856135802334,0.09577714658905503,3.2662887757325056e-05,45.75644548614085,False,0.12278260187780543,False,0.3173440925333304,False
HOME CREDIT,M5,SHAP,prob,2000,2000,0.4167588096897024,7.205125537356479e-85,-0.028180762045190513,0.21059646784405198,-0.08666017146480463,0.00010468510352878218,0.7592707163176791,0.0,93.23811245497787,False,0.4061503308421002,False,0.0011305991181108474,True
HOME CREDIT,M5,LIME,prob,2000,2000,0.4230269227567306,1.1981906905575478e-87,0.05669111467277866,0.015661446184605132,-0.034593088696329106,0.12206630155236124,0.7264063231015807,0.0,86.5986981860774,False,0.0704765078307231,False,0.2746491784928128,False
HOME CREDIT,M5,SHAP,logit,2000,2000,0.42289130622282656,1.3781010284875616e-87,-0.02416883404220851,0.2805731422859047,-0.04254840837636985,0.05716875842758926,0.7335301848825462,0.0,94.28485909107962,False,0.4591196873769349,False,0.154355647754491,False
HOME CREDIT,M5,LIME,logit,2000,2000,0.4332856878214219,2.5184141611145792e-92,0.05577140894285224,0.01899366877707431,0.01984586207827068,0.3751627054634547,0.6936230259057564,5.861784801821085e-287,87.12825959627858,False,0.07326129385442948,False,0.6330870654695798,False
HOME CREDIT,M5,SHAP,norm,2000,1880,-0.05547702946011712,0.016142416399252634,-0.020003037261389283,0.38253915361546154,-0.05359376036780203,0.020164342076574544,-0.020571489860507927,0.37268263687915026,63.94356825509263,False,0.5778073975341553,False,0.06805465450843909,False
HOME CREDIT,M5,LIME,norm,2000,1880,0.07375377063865436,0.00137370685189232,0.012912146193948301,0.5778073975341553,-0.015560145091223448,0.5002577069131358,0.14631173834706485,1.84117449686925e-10,82.49290025155535,False,0.8000410119703689,False,0.7667760795049671,False
TAIWAN,M2,SHAP,prob,2000,2000,,,,,,,0.7078404137255436,5.899244570250991e-304,,True,,False,,False
TAIWAN,M2,LIME,prob,2000,2000,,,,,,,0.6466081948945268,3.330773844058326e-237,,True,,False,,False
TAIWAN,M2,SHAP,logit,2000,2000,,,,,,,0.7343881028724213,0.0,,True,,False,,False
TAIWAN,M2,LIME,logit,2000,2000,,,,,,,0.6605207118778733,5.469449544880724e-251,,True,,False,,False
TAIWAN,M2,SHAP,norm,2000,1944,,,,,,,0.10186044684479958,6.797589645225457e-06,,True,,False,,False
TAIWAN,M2,LIME,norm,2000,1944,,,,,,,0.14899037095487866,4.0630476197481755e-11,,True,,False,,False
TAIWAN,M3,SHAP,prob,2000,2000,0.10290413272603319,4.000009962719435e-06,-0.06933427733356932,0.0013328890369876708,-0.07453380808035062,0.0008530712474558422,0.715807255951814,0.0,32.62245597252985,False,0.007997334221926024,True,0.005118427484735053,True
TAIWAN,M3,LIME,prob,2000,2000,0.07918748579687145,0.0003930223066243465,-0.0780557700139425,0.0006664445184938354,-0.08432521920761211,0.0001602893307274588,0.6574670003667501,6.707956743371595e-248,1.4291598875003864,False,0.005141143428381016,True,0.0014426039765471292,True
TAIWAN,M3,SHAP,logit,2000,2000,0.12807870951967737,9.032635197955047e-09,-0.06025036956259239,0.007664111962679107,-0.04738940200530865,0.03411975001733901,0.7409202487300621,0.0,52.95832555735126,False,0.03762382236224289,True,0.10599071793347144,False
TAIWAN,M3,LIME,logit,2000,2000,0.0975740223935056,1.2348128096323951e-05,-0.07128402582100644,0.0013328890369876708,-0.06413468156427472,0.004122498872063484,0.6704289746072437,2.892213242743239e-261,26.943643325960686,False,0.007997334221926024,True,0.01712422608395601,True
TAIWAN,M3,SHAP,norm,2000,1944,0.002774468917514879,0.9027009095272408,0.020678223005078225,0.36854381872709097,-0.021361594081917117,0.34664887291860863,0.10922442945211824,1.3850453797687341e-06,-645.3038264202262,False,0.5778073975341553,False,0.6330870654695798,False
TAIWAN,M3,LIME,norm,2000,1944,-0.012171643497947887,0.591728857976622,-0.011097455886232507,0.627790736421193,-0.04721974627377453,0.037411664065743526,0.15620729199788957,4.3465371199170124e-12,8.8253292326257,False,0.8242966630170895,False,0.10632788734474474,False
TAIWAN,M4,SHAP,prob,2000,2000,0.211408802681479,1.2146431551012692e-21,-0.10939150013889687,0.0003332222592469177,-0.061121341362716165,0.006264749094255386,0.7050235757702779,1.6570757813244288e-300,48.255938848623735,False,0.002999000333222259,True,0.024164032220699346,True
TAIWAN,M4,LIME,prob,2000,2000,0.1636412704716831,1.7932103479216303e-13,-0.1395600941923586,0.0003332222592469177,-0.09393729404861041,2.5920640667385767e-05,0.645769222184469,2.1418120946553865e-236,14.715833120772281,False,0.002999000333222259,True,0.00034992864900970785,True
TAIWAN,M4,SHAP,logit,2000,2000,0.21657051922384377,1.1742049669007033e-22,-0.09505398804914227,0.0003332222592469177,-0.07037077514767538,0.0016426507012173527,0.7314820231448116,0.0,56.10945183591862,False,0.002999000333222259,True,0.008870313786573703,True
TAIWAN,M4,LIME,logit,2000,2000,0.15507186357611785,3.1045471252996333e-12,-0.13252495443093548,0.0003332222592469177,-0.11304374039100634,4.0350997423089054e-07,0.6570538337598537,1.7446536588105802e-247,14.53965189121178,False,0.002999000333222259,True,1.0894769304234044e-05,True
TAIWAN,M4,SHAP,norm,2000,1954,0.026262223746280833,0.24590450410260536,-0.03142246407449457,0.17227590803065645,-0.007377668274559865,0.7445490342278536,0.09284072564197376,3.9533092137319146e-05,-19.648908554229006,False,0.3793135621459514,False,0.8467524135099951,False
TAIWAN,M4,LIME,norm,2000,1954,0.05086172874670572,0.02455629881072818,-0.019752679281233795,0.38520493168943687,-0.007135108785875801,0.7526688120088846,0.16120912002541782,7.583840551188553e-13,61.163964009946945,False,0.5778073975341553,False,0.8467524135099951,False
TAIWAN,M5,SHAP,prob,2000,2000,0.20686134521533633,9.050389717297755e-21,-0.005944495486123871,0.7947350883038987,0.009527871387192816,0.670300203850634,0.7185995816498955,0.0,97.12633818564032,False,0.9329498862697941,False,0.8417723490217265,False
TAIWAN,M5,LIME,prob,2000,2000,0.17649227462306866,1.8571761993738427e-15,-0.010023988005997,0.6574475174941686,-0.007958961713284234,0.7221179387974402,0.6533322268330567,8.943161805509753e-244,94.32043808863303,False,0.8256317661554675,False,0.8467524135099951,False
TAIWAN,M5,SHAP,logit,2000,2000,0.2205906416476604,1.8246129347076994e-23,-0.00012741603185400797,0.9950016661112963,0.020331571724425193,0.3635858588617826,0.7436577014144253,0.0,99.94223869566619,False,0.9950016661112963,False,0.6330870654695798,False
TAIWAN,M5,LIME,logit,2000,2000,0.1835506103876526,1.2965791537580454e-16,-0.007793200948300236,0.7260913028990337,-0.003512231347513208,0.8752962731033389,0.6667823491955873,1.9481265231533433e-257,95.75419502455412,False,0.8713095634788404,False,0.8752962731033388,False
TAIWAN,M5,SHAP,norm,2000,1943,0.03253599180305539,0.1516790171947689,0.02590199203968844,0.24525158280573142,0.004059774514688248,0.8581008593015639,0.10293847142316362,5.4510143880867905e-06,20.38972656350365,False,0.4272124345648225,False,0.8752962731033388,False
TAIWAN,M5,LIME,norm,2000,1943,0.04949057084191808,0.029150057869371578,0.025409233922405128,0.2615794735088304,0.004332232730654521,0.8486890537784147,0.16397539929830532,3.526981995954048e-13,48.65843434385337,False,0.44141536154615124,False,0.8752962731033388,False
GMSC,M2,SHAP,prob,2000,2000,,,,,,,0.8662109107358543,0.0,,True,,False,,False
GMSC,M2,LIME,prob,2000,2000,,,,,,,0.7363609366197893,0.0,,True,,False,,False
GMSC,M2,SHAP,logit,2000,2000,,,,,,,0.8340311164995492,0.0,,True,,False,,False
GMSC,M2,LIME,logit,2000,2000,,,,,,,0.7187614884525083,0.0,,True,,False,,False
GMSC,M2,SHAP,norm,2000,1816,,,,,,,0.3692780431053983,9.008415358727341e-60,,True,,False,,False
GMSC,M2,LIME,norm,2000,1816,,,,,,,0.5340706626655739,1.872417961150173e-134,,True,,False,,False
GMSC,M3,SHAP,prob,2000,2000,0.7233913660839352,0.0,0.029860157965039495,0.15728090636454514,-0.014193410388808453,0.5259340493863134,0.8660115536606171,0.0,95.87219873431904,False,0.3692682149428451,False,0.7675794234286736,False
GMSC,M3,LIME,prob,2000,2000,0.6045604822909363,1.269099605932527e-199,0.07659476214869053,0.0003332222592469177,-0.03946808534504391,0.07769684265270058,0.7368095431135644,0.0,87.33050465712869,False,0.002999000333222259,True,0.19979188110694435,False
GMSC,M3,SHAP,logit,2000,2000,0.7039701297829162,3.1515751087001006e-299,0.03017548204387051,0.17560813062312564,0.014702933970232633,0.5111840530033114,0.8331405321108514,0.0,95.71352806500813,False,0.3793135621459514,False,0.7667760795049671,False
GMSC,M3,LIME,logit,2000,2000,0.6062560631811617,4.9680919982493526e-201,0.09472022668005667,0.0003332222592469177,0.00561486619270858,0.8019017703660464,0.7189721722118073,0.0,84.37620133924297,False,0.002999000333222259,True,0.8752962731033388,False
GMSC,M3,SHAP,norm,2000,1816,0.2931074314699803,2.625208694074312e-37,-0.0289832443952005,0.22125958013995334,-0.023460981887706542,0.3178175467964916,0.36872054050505726,1.3896694395155972e-59,90.11173334983526,False,0.4120005975019821,False,0.6129338402503767,False
GMSC,M3,LIME,norm,2000,1816,0.4470385349336895,6.323483757470781e-90,0.046987606421546854,0.07364211929356881,0.008093153618227251,0.7304257464668531,0.5342455040405231,1.4767638386080165e-134,89.48913734505759,False,0.19883372209263578,False,0.8467524135099951,False
GMSC,M4,SHAP,prob,2000,2000,0.6295387819221725,3.012167343895308e-221,-0.026014560532906513,0.2332555814728424,-0.06785239770346421,0.0024030159912449946,0.8780981300268096,0.0,95.8676794377185,False,0.4198600466511163,False,0.011796623957020884,True
GMSC,M4,LIME,prob,2000,2000,0.5124355739233681,2.4128307392636175e-134,-0.02700776179245209,0.19693435521492836,-0.08230714595704999,0.00022967695162598025,0.7409154906877725,0.0,94.72953027330398,False,0.3938687104298567,False,0.001715651745006439,True
GMSC,M4,SHAP,logit,2000,2000,0.6211812796973071,8.565929333004304e-214,-0.011128081294539417,0.6411196267910696,-0.01239083841461063,0.5798038055330759,0.8435327625411402,0.0,98.20856138807629,False,0.8242966630170895,False,0.8028052691996436,False
GMSC,M4,LIME,logit,2000,2000,0.5139366150279284,2.9776565736457505e-135,0.000788077698201541,0.9696767744085305,-0.04707435362739855,0.03533023931115715,0.7223619490548143,0.0,99.84665858100834,False,0.9950016661112963,False,0.10599071793347144,False
GMSC,M4,SHAP,norm,2000,1832,0.24301875972208464,4.9122341152318686e-26,0.004526106040588719,0.8537154281906031,-0.00471658511236909,0.84016154400675,0.3375634433532893,4.625613214597114e-50,98.1375487037442,False,0.9630539820059979,False,0.8752962731033388,False
GMSC,M4,LIME,norm,2000,1832,0.40054962238134195,1.493166223480532e-71,0.030396842855424627,0.18993668777074307,0.020953228109782798,0.37021078053573797,0.5328019763812739,7.188576172492655e-135,92.41121669901729,False,0.3938687104298567,False,0.6330870654695798,False
GMSC,M5,SHAP,prob,2000,2000,0.5016318110688116,6.169059897418856e-128,-0.03919734829933707,0.07064311896034656,-0.10207919269995026,4.8062013141105235e-06,0.8767631836977647,0.0,92.18603217849751,False,0.19883372209263578,False,8.651162365398941e-05,True
GMSC,M5,LIME,prob,2000,2000,0.3925390011215195,1.134913299587102e-74,-0.00025357656339414084,0.9940019993335555,-0.12189416927830739,4.57980146498225e-08,0.7412286810188613,0.0,99.93540092508779,False,0.9950016661112963,False,2.4730927910904147e-06,True
GMSC,M5,SHAP,logit,2000,2000,0.4930485917481785,5.2391460132866174e-123,-0.04411996402999101,0.054315228257247584,-0.06552963884356554,0.0033769881276212972,0.8451909179832443,0.0,91.05159921995579,False,0.16294568477174276,False,0.015196446574295837,True
GMSC,M5,LIME,logit,2000,2000,0.4021607147790157,1.2733061903800546e-78,0.019083870270967564,0.4991669443518827,-0.08173050205126026,0.00025417062888984283,0.7242780790298587,0.0,95.25466571704946,False,0.7244953436573773,False,0.001715651745006439,True
GMSC,M5,SHAP,norm,2000,1852,0.19834674577390407,6.945487884224503e-18,-0.0026910539439979337,0.9000333222259247,-0.011635173196894184,0.6168907916696114,0.3489790360454988,3.58082044023317e-54,98.6432578293644,False,0.967089401572025,False,0.824534602183049,False
GMSC,M5,LIME,norm,2000,1852,0.31052213156872127,1.0999442554776001e-42,0.01620817329324583,0.611129623458847,-0.010963077252650293,0.6373817107940674,0.5349283860036038,1.3389707196644454e-137,94.7803484372067,False,0.8242966630170895,False,0.824534602183049,False
