Dataset,Model,Method,Component,USFG_decileZ_NRC,CI95_low,CI95_high,CI_excludes_0,MannWhitney_p,rank_biserial,n_Q1,n_Q4,n_valid,Degenerate,p_FDR,Sig_FDR,floor,MDE,abs_USFG,decision_rule_NB6,Verdict,above_floor,above_MDE
HOME CREDIT,M2,SHAP,epistemic,,,,False,,,1894,1894,1894,True,,False,0.03873613019654433,0.2751453595749029,,False,N/A - component is structurally zero,,
HOME CREDIT,M2,SHAP,aleatoric,-0.0311290541086068,-0.1627761452291798,0.1007707982451873,False,0.70540508995081,0.014189321511866,474,474,1894,False,0.7389958085198961,False,0.03873613019654433,0.2751453595749029,0.0311290541086068,False,below detection floor - not distinguishable from zero,0.0,0.0
HOME CREDIT,M2,SHAP,intra,,,,False,,,1894,1894,1894,True,,False,0.03873613019654433,0.2751453595749029,,False,N/A - component is structurally zero,,
HOME CREDIT,M2,SHAP,inter,,,,False,,,1894,1894,1894,True,,False,0.03873613019654433,0.2751453595749029,,False,N/A - component is structurally zero,,
HOME CREDIT,M2,LIME,epistemic,,,,False,,,1894,1894,1894,True,,False,0.03873613019654433,0.2751453595749029,,False,N/A - component is structurally zero,,
HOME CREDIT,M2,LIME,aleatoric,-0.0442691182553564,-0.1826321649954867,0.0932872925986085,False,0.0001574350678381,0.141804198045185,474,474,1894,False,0.0004329464365549,True,0.03873613019654433,0.2751453595749029,0.0442691182553564,False,above floor but below MDE - inconclusive,1.0,0.0
HOME CREDIT,M2,LIME,intra,,,,False,,,1894,1894,1894,True,,False,0.03873613019654433,0.2751453595749029,,False,N/A - component is structurally zero,,
HOME CREDIT,M2,LIME,inter,,,,False,,,1894,1894,1894,True,,False,0.03873613019654433,0.2751453595749029,,False,N/A - component is structurally zero,,
HOME CREDIT,M3,SHAP,epistemic,-0.0612455841724191,-0.208354181182243,0.0856662783226038,False,0.3238668795393589,0.0370222008581245,474,474,1894,False,0.381700250885673,False,0.03873613019654433,0.2751453595749029,0.0612455841724191,False,above floor but below MDE - inconclusive,1.0,0.0
HOME CREDIT,M3,SHAP,aleatoric,-0.024974238129958,-0.1555023534593939,0.0924256256655964,False,0.6398228617308654,0.0175630685965568,474,474,1894,False,0.6922673585940512,False,0.03873613019654433,0.2751453595749029,0.024974238129958,False,below detection floor - not distinguishable from zero,0.0,0.0
HOME CREDIT,M3,SHAP,intra,-0.0612455841724191,-0.208354181182243,0.0856662783226038,False,0.3238668795393589,0.0370222008581245,474,474,1894,False,0.381700250885673,False,0.03873613019654433,0.2751453595749029,0.0612455841724191,False,above floor but below MDE - inconclusive,1.0,0.0
HOME CREDIT,M3,SHAP,inter,,,,False,,,1894,1894,1894,True,,False,0.03873613019654433,0.2751453595749029,,False,N/A - component is structurally zero,,
HOME CREDIT,M3,LIME,epistemic,-0.0877614399377205,-0.211961073939352,0.0473266069113399,False,0.0015079991347375,0.1190692374797486,474,474,1894,False,0.0031102482153961,True,0.03873613019654433,0.2751453595749029,0.0877614399377205,False,above floor but below MDE - inconclusive,1.0,0.0
HOME CREDIT,M3,LIME,aleatoric,-0.0417523288901612,-0.1737119493841458,0.0841906888384411,False,0.0001706800795685,0.1410475529206502,474,474,1894,False,0.000450595410061,True,0.03873613019654433,0.2751453595749029,0.0417523288901612,False,above floor but below MDE - inconclusive,1.0,0.0
HOME CREDIT,M3,LIME,intra,-0.0877614399377205,-0.211961073939352,0.0473266069113399,False,0.0015079991347375,0.1190692374797486,474,474,1894,False,0.0031102482153961,True,0.03873613019654433,0.2751453595749029,0.0877614399377205,False,above floor but below MDE - inconclusive,1.0,0.0
HOME CREDIT,M3,LIME,inter,,,,False,,,1894,1894,1894,True,,False,0.03873613019654433,0.2751453595749029,,False,N/A - component is structurally zero,,
HOME CREDIT,M4,SHAP,epistemic,-0.0322867156425228,-0.176050636789731,0.1077158879107685,False,0.0073653571772852,0.1010951941480535,469,469,1875,False,0.013138204694617,True,0.03873613019654433,0.2751453595749029,0.0322867156425228,False,below detection floor - not distinguishable from zero,0.0,0.0
HOME CREDIT,M4,SHAP,aleatoric,0.0113201762181409,-0.1043928550173527,0.1252374512531809,False,2.478884612291799e-05,0.1590691077054569,469,469,1875,False,7.436653836875397e-05,True,0.03873613019654433,0.2751453595749029,0.0113201762181409,False,below detection floor - not distinguishable from zero,0.0,0.0
HOME CREDIT,M4,SHAP,intra,,,,False,,,1875,1875,1875,True,,False,0.03873613019654433,0.2751453595749029,,False,N/A - component is structurally zero,,
HOME CREDIT,M4,SHAP,inter,-0.0322867156425228,-0.176050636789731,0.1077158879107685,False,0.0073653571772852,0.1010951941480535,469,469,1875,False,0.013138204694617,True,0.03873613019654433,0.2751453595749029,0.0322867156425228,False,below detection floor - not distinguishable from zero,0.0,0.0
HOME CREDIT,M4,LIME,epistemic,-0.0980856969835472,-0.2152984200818402,0.0035875444692657,False,2.2802892903275457e-05,0.1597783243393147,469,469,1875,False,7.166623483886572e-05,True,0.03873613019654433,0.2751453595749029,0.0980856969835472,False,above floor but below MDE - inconclusive,1.0,0.0
HOME CREDIT,M4,LIME,aleatoric,0.0051151307113582,-0.1283321407364268,0.1365366584201311,False,0.0022082259957681,0.1154613772441478,469,469,1875,False,0.0044164519915363,True,0.03873613019654433,0.2751453595749029,0.0051151307113582,False,below detection floor - not distinguishable from zero,0.0,0.0
HOME CREDIT,M4,LIME,intra,,,,False,,,1875,1875,1875,True,,False,0.03873613019654433,0.2751453595749029,,False,N/A - component is structurally zero,,
HOME CREDIT,M4,LIME,inter,-0.0980856969835472,-0.2152984200818402,0.0035875444692657,False,2.2802892903275457e-05,0.1597783243393147,469,469,1875,False,7.166623483886572e-05,True,0.03873613019654433,0.2751453595749029,0.0980856969835472,False,above floor but below MDE - inconclusive,1.0,0.0
HOME CREDIT,M5,SHAP,epistemic,-0.040834664855962,-0.1839731528995423,0.0922579077239418,False,0.0029103226870694,0.1121865097329107,470,470,1880,False,0.0056494499219583,True,0.03873613019654433,0.2751453595749029,0.040834664855962,False,above floor but below MDE - inconclusive,1.0,0.0
HOME CREDIT,M5,SHAP,aleatoric,0.0312189230190848,-0.1002547409045094,0.1720140927235131,False,0.0917324865090729,0.0635491172476233,470,470,1880,False,0.1345409802133069,False,0.03873613019654433,0.2751453595749029,0.0312189230190848,False,below detection floor - not distinguishable from zero,0.0,0.0
HOME CREDIT,M5,SHAP,intra,0.0330201410276345,-0.1121021173530735,0.1681004116612841,False,0.003127199884733,0.1113535536441828,470,470,1880,False,0.0058970054969251,True,0.03873613019654433,0.2751453595749029,0.0330201410276345,False,below detection floor - not distinguishable from zero,0.0,0.0
HOME CREDIT,M5,SHAP,inter,-0.0441302032275013,-0.1744891651021698,0.0741239423142738,False,0.0564097105359477,0.0718967858759619,470,470,1880,False,0.0846145658039216,False,0.03873613019654433,0.2751453595749029,0.0441302032275013,False,above floor but below MDE - inconclusive,1.0,0.0
HOME CREDIT,M5,LIME,epistemic,0.0361515357002135,-0.0991266830330093,0.166529864727678,False,0.0011599131276085,0.1224173834314169,470,470,1880,False,0.0025518088807388,True,0.03873613019654433,0.2751453595749029,0.0361515357002135,False,below detection floor - not distinguishable from zero,0.0,0.0
HOME CREDIT,M5,LIME,aleatoric,0.0122666672106425,-0.1190270751733994,0.1421253029279256,False,4.574061641257029e-07,0.190049796287913,470,470,1880,False,2.3222159101766456e-06,True,0.03873613019654433,0.2751453595749029,0.0122666672106425,False,below detection floor - not distinguishable from zero,0.0,0.0
HOME CREDIT,M5,LIME,intra,-0.0341260923884094,-0.1779427960889166,0.1097885471506562,False,7.09104006674488e-05,0.1497238569488456,470,470,1880,False,0.0002034820193065,True,0.03873613019654433,0.2751453595749029,0.0341260923884094,False,below detection floor - not distinguishable from zero,0.0,0.0
HOME CREDIT,M5,LIME,inter,0.0952069195072966,-0.0328449009288829,0.2334675505589681,False,0.0529599182049535,0.0729289271163422,470,470,1880,False,0.0812873163145798,False,0.03873613019654433,0.2751453595749029,0.0952069195072966,False,above floor but below MDE - inconclusive,1.0,0.0
TAIWAN,M2,SHAP,epistemic,,,,False,,,1944,1944,1944,True,,False,0.045795977204345806,,,False,N/A - component is structurally zero,,
TAIWAN,M2,SHAP,aleatoric,0.0016269508475837,-0.1253954908101752,0.1414615468846204,False,0.0004363670763532,0.1303324357736794,486,486,1944,False,0.0010285795371184,True,0.045795977204345806,,0.0016269508475837,False,below detection floor - not distinguishable from zero,0.0,0.0
TAIWAN,M2,SHAP,intra,,,,False,,,1944,1944,1944,True,,False,0.045795977204345806,,,False,N/A - component is structurally zero,,
TAIWAN,M2,SHAP,inter,,,,False,,,1944,1944,1944,True,,False,0.045795977204345806,,,False,N/A - component is structurally zero,,
TAIWAN,M2,LIME,epistemic,,,,False,,,1944,1944,1944,True,,False,0.045795977204345806,,,False,N/A - component is structurally zero,,
TAIWAN,M2,LIME,aleatoric,-0.0043817324575229,-0.1183043132491301,0.1332571491063773,False,6.770716446156959e-06,0.1667852122813257,486,486,1944,False,2.7929205340397453e-05,True,0.045795977204345806,,0.0043817324575229,False,below detection floor - not distinguishable from zero,0.0,0.0
TAIWAN,M2,LIME,intra,,,,False,,,1944,1944,1944,True,,False,0.045795977204345806,,,False,N/A - component is structurally zero,,
TAIWAN,M2,LIME,inter,,,,False,,,1944,1944,1944,True,,False,0.045795977204345806,,,False,N/A - component is structurally zero,,
TAIWAN,M3,SHAP,epistemic,-0.0820191295929293,-0.2208410156765441,0.0479485766371786,False,0.1457289196019408,0.0539128520381377,486,486,1944,False,0.1923621738745619,False,0.045795977204345806,,0.0820191295929293,False,above floor but below MDE - inconclusive,1.0,0.0
TAIWAN,M3,SHAP,aleatoric,-0.0176177252483852,-0.1386294861938433,0.1011726100356444,False,0.0004567069240595,0.1298836559467561,486,486,1944,False,0.001039401965101,True,0.045795977204345806,,0.0176177252483852,False,below detection floor - not distinguishable from zero,0.0,0.0
TAIWAN,M3,SHAP,intra,-0.0820191295929293,-0.2208410156765441,0.0479485766371786,False,0.1457289196019408,0.0539128520381377,486,486,1944,False,0.1923621738745619,False,0.045795977204345806,,0.0820191295929293,False,above floor but below MDE - inconclusive,1.0,0.0
TAIWAN,M3,SHAP,inter,,,,False,,,1944,1944,1944,True,,False,0.045795977204345806,,,False,N/A - component is structurally zero,,
TAIWAN,M3,LIME,epistemic,0.0659739934391982,-0.05972148185609,0.2010986062364766,False,0.7380635686983795,-0.0123964842757708,486,486,1944,False,0.7494183928322008,False,0.045795977204345806,,0.0659739934391982,False,above floor but below MDE - inconclusive,1.0,0.0
TAIWAN,M3,LIME,aleatoric,-0.0471002128945666,-0.1722433129729206,0.0660344150225593,False,1.7409818329511084e-06,0.1771833561957019,486,486,1944,False,7.660320064984877e-06,True,0.045795977204345806,,0.0471002128945666,False,above floor but below MDE - inconclusive,1.0,0.0
TAIWAN,M3,LIME,intra,0.0659739934391982,-0.05972148185609,0.2010986062364766,False,0.7380635686983795,-0.0123964842757708,486,486,1944,False,0.7494183928322008,False,0.045795977204345806,,0.0659739934391982,False,above floor but below MDE - inconclusive,1.0,0.0
TAIWAN,M3,LIME,inter,,,,False,,,1944,1944,1944,True,,False,0.045795977204345806,,,False,N/A - component is structurally zero,,
TAIWAN,M4,SHAP,epistemic,-0.0435726218817705,-0.1720740858388989,0.075180785876579,False,0.4972841921831215,0.0250793531308417,489,489,1954,False,0.5470126114014336,False,0.045795977204345806,,0.0435726218817705,False,below detection floor - not distinguishable from zero,0.0,0.0
TAIWAN,M4,SHAP,aleatoric,0.0119412118869709,-0.1193822813415812,0.1379108142676324,False,7.501648502631682e-07,0.182790302817402,489,489,1954,False,3.536491436954936e-06,True,0.045795977204345806,,0.0119412118869709,False,below detection floor - not distinguishable from zero,0.0,0.0
TAIWAN,M4,SHAP,intra,,,,False,,,1954,1954,1954,True,,False,0.045795977204345806,,,False,N/A - component is structurally zero,,
TAIWAN,M4,SHAP,inter,-0.0435726218817705,-0.1720740858388989,0.075180785876579,False,0.4972841921831215,0.0250793531308417,489,489,1954,False,0.5470126114014336,False,0.045795977204345806,,0.0435726218817705,False,below detection floor - not distinguishable from zero,0.0,0.0
TAIWAN,M4,LIME,epistemic,-0.0539349165709635,-0.1888145876505788,0.0639121471239019,False,0.4507515300689939,0.027864553928764,489,489,1954,False,0.5129241549060966,False,0.045795977204345806,,0.0539349165709635,False,above floor but below MDE - inconclusive,1.0,0.0
TAIWAN,M4,LIME,aleatoric,0.0249588593940015,-0.1067484981199335,0.1523805733908053,False,1.7050534187230868e-05,0.158869359027438,489,489,1954,False,5.922817138722302e-05,True,0.045795977204345806,,0.0249588593940015,False,below detection floor - not distinguishable from zero,0.0,0.0
TAIWAN,M4,LIME,intra,,,,False,,,1954,1954,1954,True,,False,0.045795977204345806,,,False,N/A - component is structurally zero,,
TAIWAN,M4,LIME,inter,-0.0539349165709635,-0.1888145876505788,0.0639121471239019,False,0.4507515300689939,0.027864553928764,489,489,1954,False,0.5129241549060966,False,0.045795977204345806,,0.0539349165709635,False,above floor but below MDE - inconclusive,1.0,0.0
TAIWAN,M5,SHAP,epistemic,-0.1056193326478825,-0.2307681466020446,0.0111411925965076,False,0.3008736526649196,0.0383410387982862,486,486,1943,False,0.367734464368235,False,0.045795977204345806,,0.1056193326478825,False,above floor but below MDE - inconclusive,1.0,0.0
TAIWAN,M5,SHAP,aleatoric,-0.0297652605037597,-0.1635931963588612,0.0966287483581684,False,0.2290760854683067,0.0445731511117885,486,486,1943,False,0.2852645592624196,False,0.045795977204345806,,0.0297652605037597,False,below detection floor - not distinguishable from zero,0.0,0.0
TAIWAN,M5,SHAP,intra,-0.146518524602311,-0.2813790767695357,-0.0134126316815901,True,0.0473572872089253,0.0734898135446832,486,486,1943,False,0.074418594185454,False,0.045795977204345806,,0.146518524602311,False,above floor but below MDE - inconclusive,1.0,0.0
TAIWAN,M5,SHAP,inter,-0.0464226855944312,-0.1685394898940595,0.076134726054633,False,0.6948876568268143,-0.0145387728835373,486,486,1943,False,0.7389958085198961,False,0.045795977204345806,,0.0464226855944312,False,above floor but below MDE - inconclusive,1.0,0.0
TAIWAN,M5,LIME,epistemic,-0.0816888225070312,-0.2168800514684019,0.0372062220398154,False,0.042829955100376,0.075056309166963,486,486,1943,False,0.0689457813810931,False,0.045795977204345806,,0.0816888225070312,False,above floor but below MDE - inconclusive,1.0,0.0
TAIWAN,M5,LIME,aleatoric,-0.0430490328207417,-0.1649376067983642,0.0848656022915555,False,0.0004333714003174,0.1304001761249131,486,486,1943,False,0.0010285795371184,True,0.045795977204345806,,0.0430490328207417,False,below detection floor - not distinguishable from zero,0.0,0.0
TAIWAN,M5,LIME,intra,-0.1103544201526325,-0.2421539861802945,0.0089699770151163,False,0.0178675171747184,0.0877660925671899,486,486,1943,False,0.0310330561455636,True,0.045795977204345806,,0.1103544201526325,False,above floor but below MDE - inconclusive,1.0,0.0
TAIWAN,M5,LIME,inter,-0.0224868449842251,-0.1528663458240347,0.0949910128810808,False,0.1949848730720849,0.0480279090247083,486,486,1943,False,0.2474808004376462,False,0.045795977204345806,,0.0224868449842251,False,below detection floor - not distinguishable from zero,0.0,0.0
GMSC,M2,SHAP,epistemic,,,,False,,,1816,1816,1816,True,,False,0.04524473027120841,0.2468504904465786,,False,N/A - component is structurally zero,,
GMSC,M2,SHAP,aleatoric,-0.0247170816507794,-0.1500717917101413,0.109191192518519,False,4.159453335537738e-12,0.2657726716994314,454,454,1816,False,2.4956720013226424e-11,True,0.04524473027120841,0.2468504904465786,0.0247170816507794,False,below detection floor - not distinguishable from zero,0.0,0.0
GMSC,M2,SHAP,intra,,,,False,,,1816,1816,1816,True,,False,0.04524473027120841,0.2468504904465786,,False,N/A - component is structurally zero,,
GMSC,M2,SHAP,inter,,,,False,,,1816,1816,1816,True,,False,0.04524473027120841,0.2468504904465786,,False,N/A - component is structurally zero,,
GMSC,M2,LIME,epistemic,,,,False,,,1816,1816,1816,True,,False,0.04524473027120841,0.2468504904465786,,False,N/A - component is structurally zero,,
GMSC,M2,LIME,aleatoric,-0.0102737955661333,-0.127289223461298,0.1116807241185934,False,3.3208673563168005e-23,0.3792233499582759,454,454,1816,False,3.6529540919484797e-22,True,0.04524473027120841,0.2468504904465786,0.0102737955661333,False,below detection floor - not distinguishable from zero,0.0,0.0
GMSC,M2,LIME,intra,,,,False,,,1816,1816,1816,True,,False,0.04524473027120841,0.2468504904465786,,False,N/A - component is structurally zero,,
GMSC,M2,LIME,inter,,,,False,,,1816,1816,1816,True,,False,0.04524473027120841,0.2468504904465786,,False,N/A - component is structurally zero,,
GMSC,M3,SHAP,epistemic,-0.0064650648060459,-0.1180253461666273,0.0996466280975831,False,1.6835157756855777e-05,0.1649944691338858,454,454,1816,False,5.922817138722302e-05,True,0.04524473027120841,0.2468504904465786,0.0064650648060459,False,below detection floor - not distinguishable from zero,0.0,0.0
GMSC,M3,SHAP,aleatoric,0.0113620437543337,-0.1100419536315997,0.1405572772381091,False,2.102965018590405e-10,0.2436103941469851,454,454,1816,False,1.1566307602247227e-09,True,0.04524473027120841,0.2468504904465786,0.0113620437543337,False,below detection floor - not distinguishable from zero,0.0,0.0
GMSC,M3,SHAP,intra,-0.0064650648060459,-0.1180253461666273,0.0996466280975831,False,1.6835157756855777e-05,0.1649944691338858,454,454,1816,False,5.922817138722302e-05,True,0.04524473027120841,0.2468504904465786,0.0064650648060459,False,below detection floor - not distinguishable from zero,0.0,0.0
GMSC,M3,SHAP,inter,,,,False,,,1816,1816,1816,True,,False,0.04524473027120841,0.2468504904465786,,False,N/A - component is structurally zero,,
GMSC,M3,LIME,epistemic,-0.0853090007621125,-0.1924985077132225,0.0244945747450686,False,2.6597651760573385e-27,0.4140678064779056,454,454,1816,False,5.851483387326145e-26,True,0.04524473027120841,0.2468504904465786,0.0853090007621125,False,above floor but below MDE - inconclusive,1.0,0.0
GMSC,M3,LIME,aleatoric,-0.0276359821727276,-0.1467877255050935,0.1021827573819312,False,1.8975842105014824e-25,0.398435832249801,454,454,1816,False,3.1310139473274464e-24,True,0.04524473027120841,0.2468504904465786,0.0276359821727276,False,below detection floor - not distinguishable from zero,0.0,0.0
GMSC,M3,LIME,intra,-0.0853090007621125,-0.1924985077132225,0.0244945747450686,False,2.6597651760573385e-27,0.4140678064779056,454,454,1816,False,5.851483387326145e-26,True,0.04524473027120841,0.2468504904465786,0.0853090007621125,False,above floor but below MDE - inconclusive,1.0,0.0
GMSC,M3,LIME,inter,,,,False,,,1816,1816,1816,True,,False,0.04524473027120841,0.2468504904465786,,False,N/A - component is structurally zero,,
GMSC,M4,SHAP,epistemic,-0.0083540647201532,-0.1424347075093496,0.1246399612850158,False,0.1314939188251674,0.0575789935355923,458,458,1832,False,0.1808041383846051,False,0.04524473027120841,0.2468504904465786,0.0083540647201532,False,below detection floor - not distinguishable from zero,0.0,0.0
GMSC,M4,SHAP,aleatoric,-0.0286898125540899,-0.1580328405059206,0.104085054481807,False,0.0189397241874763,0.0895863923266147,458,458,1832,False,0.0320518409326523,True,0.04524473027120841,0.2468504904465786,0.0286898125540899,False,below detection floor - not distinguishable from zero,0.0,0.0
GMSC,M4,SHAP,intra,,,,False,,,1832,1832,1832,True,,False,0.04524473027120841,0.2468504904465786,,False,N/A - component is structurally zero,,
GMSC,M4,SHAP,inter,-0.0083540647201532,-0.1424347075093496,0.1246399612850158,False,0.1314939188251674,0.0575789935355923,458,458,1832,False,0.1808041383846051,False,0.04524473027120841,0.2468504904465786,0.0083540647201532,False,below detection floor - not distinguishable from zero,0.0,0.0
GMSC,M4,LIME,epistemic,-0.0958869237243471,-0.2376627425079006,0.0328665215573691,False,2.2306270865851902e-15,0.3019297877614844,458,458,1832,False,1.635793196829139e-14,True,0.04524473027120841,0.2468504904465786,0.0958869237243471,False,above floor but below MDE - inconclusive,1.0,0.0
GMSC,M4,LIME,aleatoric,-0.011005417110246,-0.1338168662363693,0.1051485871450191,False,2.3647132062193228e-12,0.2666520470624129,458,458,1832,False,1.560710716104753e-11,True,0.04524473027120841,0.2468504904465786,0.011005417110246,False,below detection floor - not distinguishable from zero,0.0,0.0
GMSC,M4,LIME,intra,,,,False,,,1832,1832,1832,True,,False,0.04524473027120841,0.2468504904465786,,False,N/A - component is structurally zero,,
GMSC,M4,LIME,inter,-0.0958869237243471,-0.2376627425079006,0.0328665215573691,False,2.2306270865851902e-15,0.3019297877614844,458,458,1832,False,1.635793196829139e-14,True,0.04524473027120841,0.2468504904465786,0.0958869237243471,False,above floor but below MDE - inconclusive,1.0,0.0
GMSC,M5,SHAP,epistemic,-0.008230270006301,-0.1503441761037562,0.1289031907578748,False,0.1096006355454683,0.0607503883490616,463,463,1852,False,0.1572530857826285,False,0.04524473027120841,0.2468504904465786,0.008230270006301,False,below detection floor - not distinguishable from zero,0.0,0.0
GMSC,M5,SHAP,aleatoric,-0.0321057631157474,-0.1716067650835712,0.0970237280499517,False,0.0003043251841899,0.1371233713829891,463,463,1852,False,0.0007725177752514,True,0.04524473027120841,0.2468504904465786,0.0321057631157474,False,below detection floor - not distinguishable from zero,0.0,0.0
GMSC,M5,SHAP,intra,-0.0567885073868406,-0.2029683923990992,0.0791858135702307,False,0.0386288484251173,0.0785234805405632,463,463,1852,False,0.0637375999014436,False,0.04524473027120841,0.2468504904465786,0.0567885073868406,False,above floor but below MDE - inconclusive,1.0,0.0
GMSC,M5,SHAP,inter,0.1187585046513738,-0.0100930398082322,0.274418755880363,False,0.885111108454022,-0.0054905326796319,463,463,1852,False,0.885111108454022,False,0.04524473027120841,0.2468504904465786,0.1187585046513738,False,above floor but below MDE - inconclusive,1.0,0.0
GMSC,M5,LIME,epistemic,-0.1121504938641776,-0.2723716336122494,0.0276534240262905,False,2.267677369553756e-19,0.3411314135905844,463,463,1852,False,2.138095805579255e-18,True,0.04524473027120841,0.2468504904465786,0.1121504938641776,False,above floor but below MDE - inconclusive,1.0,0.0
GMSC,M5,LIME,aleatoric,-0.038295549924158,-0.1585192722062332,0.082655580366806,False,3.107528903037068e-33,0.4543614048673082,463,463,1852,False,2.050969076004465e-31,True,0.04524473027120841,0.2468504904465786,0.038295549924158,False,below detection floor - not distinguishable from zero,0.0,0.0
GMSC,M5,LIME,intra,-0.0713210009174658,-0.2128520164127302,0.0662819662189752,False,8.870221597958428e-24,0.3810812197659177,463,463,1852,False,1.1708692509305123e-22,True,0.04524473027120841,0.2468504904465786,0.0713210009174658,False,above floor but below MDE - inconclusive,1.0,0.0
GMSC,M5,LIME,inter,0.0310586273694038,-0.1044367530105126,0.1809561580185992,False,0.1486995259692984,0.0547887054564792,463,463,1852,False,0.1924346806661508,False,0.04524473027120841,0.2468504904465786,0.0310586273694038,False,below detection floor - not distinguishable from zero,0.0,0.0
