Dataset,Model,Method,Component,USFG,CI95_low,CI95_high,CI_excludes_0,MannWhitney_p,rank_biserial,n_Q1,n_Q4,Degenerate,p_FDR,Sig_FDR
HOME CREDIT,M2,SHAP,epistemic,,,,False,,,2000,2000,True,,False
HOME CREDIT,M2,SHAP,aleatoric,-1.8742220136825931,-2.0002501045841155,-1.750559995798101,True,6.57178148252556e-142,0.9265680000000001,500,500,False,3.0981255560477636e-141,True
HOME CREDIT,M2,SHAP,intra,,,,False,,,2000,2000,True,,False
HOME CREDIT,M2,SHAP,inter,,,,False,,,2000,2000,True,,False
HOME CREDIT,M2,LIME,epistemic,,,,False,,,2000,2000,True,,False
HOME CREDIT,M2,LIME,aleatoric,-1.690792759494029,-1.8188226164340493,-1.5654653431758578,True,4.5742322430016076e-120,0.8511759999999999,500,500,False,1.118145659400393e-119,True
HOME CREDIT,M2,LIME,intra,,,,False,,,2000,2000,True,,False
HOME CREDIT,M2,LIME,inter,,,,False,,,2000,2000,True,,False
HOME CREDIT,M3,SHAP,epistemic,-0.873118342890915,-1.0036501690152604,-0.7480559900741427,True,1.015480750694517e-55,0.574496,500,500,False,1.634676330386296e-55,True
HOME CREDIT,M3,SHAP,aleatoric,-1.8804776547140147,-2.0124283761035224,-1.7690994175916286,True,2.820012585753961e-142,0.9277839999999999,500,500,False,1.4316986973827803e-141,True
HOME CREDIT,M3,SHAP,intra,-0.873118342890915,-1.0036501690152604,-0.7480559900741427,True,1.015480750694517e-55,0.574496,500,500,False,1.634676330386296e-55,True
HOME CREDIT,M3,SHAP,inter,,,,False,,,2000,2000,True,,False
HOME CREDIT,M3,LIME,epistemic,-0.8628745684484399,-0.9840176248037276,-0.7421006539528495,True,1.4052751079350302e-54,0.568384,500,500,False,2.1079126619025452e-54,True
HOME CREDIT,M3,LIME,aleatoric,-1.693673781750262,-1.8263412596048985,-1.5694373837637818,True,1.7694454480681166e-119,0.849056,500,500,False,4.1708356990177037e-119,True
HOME CREDIT,M3,LIME,intra,-0.8628745684484399,-0.9840176248037276,-0.7421006539528495,True,1.4052751079350302e-54,0.568384,500,500,False,2.1079126619025452e-54,True
HOME CREDIT,M3,LIME,inter,,,,False,,,2000,2000,True,,False
HOME CREDIT,M4,SHAP,epistemic,-1.0812762981560835,-1.1988809352178567,-0.9785747333908116,True,1.423549104961426e-77,0.6811119999999999,500,500,False,2.5393038088501113e-77,True
HOME CREDIT,M4,SHAP,aleatoric,-1.8936543128123513,-2.016975724341736,-1.7852728715402955,True,4.715546032631709e-146,0.940192,500,500,False,2.829327619579025e-145,True
HOME CREDIT,M4,SHAP,intra,,,,False,,,2000,2000,True,,False
HOME CREDIT,M4,SHAP,inter,-1.0812762981560835,-1.1988809352178567,-0.9785747333908116,True,1.423549104961426e-77,0.6811119999999999,500,500,False,2.5393038088501113e-77,True
HOME CREDIT,M4,LIME,epistemic,-1.0636103553795722,-1.1803950041341535,-0.9478161602388714,True,2.778837403234795e-75,0.670728,500,500,False,4.702647913166576e-75,True
HOME CREDIT,M4,LIME,aleatoric,-1.7779465040493674,-1.905668825587883,-1.6634845401548943,True,8.976244373831454e-129,0.882,500,500,False,2.96216064336438e-128,True
HOME CREDIT,M4,LIME,intra,,,,False,,,2000,2000,True,,False
HOME CREDIT,M4,LIME,inter,-1.0636103553795722,-1.1803950041341535,-0.9478161602388714,True,2.778837403234795e-75,0.670728,500,500,False,4.702647913166576e-75,True
HOME CREDIT,M5,SHAP,epistemic,-0.8268719440163598,-0.9583066225103734,-0.7062758303663453,True,3.005473224461558e-53,0.561176,500,500,False,4.220451762009847e-53,True
HOME CREDIT,M5,SHAP,aleatoric,-1.8961513124513338,-2.0147390026232666,-1.7820972150575978,True,1.946319713608898e-143,0.931616,500,500,False,1.070475842484894e-142,True
HOME CREDIT,M5,SHAP,intra,-0.800267130539225,-0.9290231137600464,-0.678390753813897,True,2.926131708694024e-52,0.55576,500,500,False,4.023431099454283e-52,True
HOME CREDIT,M5,SHAP,inter,-0.7167461229232711,-0.8322517120844652,-0.6083412112676759,True,1.740662540205141e-40,0.486672,500,500,False,2.344565870480394e-40,True
HOME CREDIT,M5,LIME,epistemic,-0.8325246499065547,-0.9581176855321979,-0.7141459268141992,True,9.967380836078416e-54,0.5637840000000001,500,500,False,1.4618825226248342e-53,True
HOME CREDIT,M5,LIME,aleatoric,-1.8323366234103868,-1.9623301313203385,-1.7139064436648985,True,5.203481389035876e-134,0.9000319999999999,500,500,False,1.807525114086146e-133,True
HOME CREDIT,M5,LIME,intra,-0.7951500518598018,-0.9221067225190467,-0.6654791797163242,True,2.364320002091429e-53,0.561744,500,500,False,3.39228522039205e-53,True
HOME CREDIT,M5,LIME,inter,-0.7060309466145034,-0.8242068527167427,-0.589160756578375,True,4.1109057869027433e-38,0.47153599999999996,500,500,False,5.426395638711621e-38,True
TAIWAN,M2,SHAP,epistemic,,,,False,,,2000,2000,True,,False
TAIWAN,M2,SHAP,aleatoric,-1.6720947702918263,-1.7694982818899383,-1.5758342356119965,True,2.3573631146554374e-137,0.91136,500,500,False,9.152115621603463e-137,True
TAIWAN,M2,SHAP,intra,,,,False,,,2000,2000,True,,False
TAIWAN,M2,SHAP,inter,,,,False,,,2000,2000,True,,False
TAIWAN,M2,LIME,epistemic,,,,False,,,2000,2000,True,,False
TAIWAN,M2,LIME,aleatoric,-1.5274492135814524,-1.6306482266583517,-1.4271858515648237,True,5.161717192825865e-121,0.854584,500,500,False,1.310282056640412e-120,True
TAIWAN,M2,LIME,intra,,,,False,,,2000,2000,True,,False
TAIWAN,M2,LIME,inter,,,,False,,,2000,2000,True,,False
TAIWAN,M3,SHAP,epistemic,-0.18036637513850487,-0.30891305250146694,-0.04941623393445602,True,0.00028064239971044655,0.13271200000000005,500,500,False,0.00030364587509654873,True
TAIWAN,M3,SHAP,aleatoric,-1.7325840237307542,-1.8383301325008348,-1.6304438461589106,True,1.4404011643543246e-137,0.91208,500,500,False,5.94165480296159e-137,True
TAIWAN,M3,SHAP,intra,-0.18036637513850487,-0.30891305250146694,-0.04941623393445602,True,0.00028064239971044655,0.13271200000000005,500,500,False,0.00030364587509654873,True
TAIWAN,M3,SHAP,inter,,,,False,,,2000,2000,True,,False
TAIWAN,M3,LIME,epistemic,-0.1358931572385434,-0.26971373179440983,-0.007018092998673001,True,0.0042395695151414454,0.10448000000000002,500,500,False,0.004304793661528237,True
TAIWAN,M3,LIME,aleatoric,-1.5952604004377722,-1.708827615171535,-1.4861999231375065,True,2.4510221798460977e-124,0.866432,500,500,False,7.703212565230592e-124,True
TAIWAN,M3,LIME,intra,-0.1358931572385434,-0.26971373179440983,-0.007018092998673001,True,0.0042395695151414454,0.10448000000000002,500,500,False,0.004304793661528237,True
TAIWAN,M3,LIME,inter,,,,False,,,2000,2000,True,,False
TAIWAN,M4,SHAP,epistemic,-0.48084049277491603,-0.5904088174513741,-0.3620022285766693,True,1.2350799353600218e-21,0.34907999999999995,500,500,False,1.5676014564184894e-21,True
TAIWAN,M4,SHAP,aleatoric,-1.6861204363830604,-1.7895312757838016,-1.5833923787749218,True,1.3484967617775133e-135,0.905424,500,500,False,4.9444881265175486e-135,True
TAIWAN,M4,SHAP,intra,,,,False,,,2000,2000,True,,False
TAIWAN,M4,SHAP,inter,-0.48084049277491603,-0.5904088174513741,-0.3620022285766693,True,1.2350799353600218e-21,0.34907999999999995,500,500,False,1.5676014564184894e-21,True
TAIWAN,M4,LIME,epistemic,-0.35716316666820164,-0.4690466214652952,-0.24358091710572916,True,1.623159331861325e-13,0.26949599999999996,500,500,False,1.9130092125508473e-13,True
TAIWAN,M4,LIME,aleatoric,-1.5526985054395912,-1.66250690882518,-1.448264476634364,True,5.161717192825865e-121,0.854584,500,500,False,1.310282056640412e-120,True
TAIWAN,M4,LIME,intra,,,,False,,,2000,2000,True,,False
TAIWAN,M4,LIME,inter,-0.35716316666820164,-0.4690466214652952,-0.24358091710572916,True,1.623159331861325e-13,0.26949599999999996,500,500,False,1.9130092125508473e-13,True
TAIWAN,M5,SHAP,epistemic,-0.4751189965031626,-0.6004896869575932,-0.36188112663360106,True,7.242195572176721e-17,0.30479999999999996,500,500,False,9.018583165352142e-17,True
TAIWAN,M5,SHAP,aleatoric,-1.7599782511223754,-1.860056258688996,-1.6563514534443715,True,4.016301934075687e-138,0.913944,500,500,False,1.7671728509933021e-137,True
TAIWAN,M5,SHAP,intra,-0.42267320605188896,-0.5449768703033391,-0.30678066594365516,True,6.766223960568907e-15,0.284552,500,500,False,8.269829285139776e-15,True
TAIWAN,M5,SHAP,inter,-0.22741723297111047,-0.3525488404527417,-0.112854536177618,True,6.322799562368199e-05,0.14615199999999995,500,500,False,7.072962222310189e-05,True
TAIWAN,M5,LIME,epistemic,-0.4062525860677344,-0.5336943764985758,-0.28892656862322985,True,6.331327370318295e-13,0.262792,500,500,False,7.331010639315921e-13,True
TAIWAN,M5,LIME,aleatoric,-1.609724275129699,-1.717962077355544,-1.5017324281615538,True,3.7645418753553705e-122,0.858656,500,500,False,1.035249015722727e-121,True
TAIWAN,M5,LIME,intra,-0.3474208293993765,-0.4664699788824241,-0.23192444775618848,True,8.098155637220393e-11,0.23742399999999997,500,500,False,9.215142621664586e-11,True
TAIWAN,M5,LIME,inter,-0.1970923070086858,-0.3184439322401274,-0.0777336307747241,True,0.00041580943441386843,0.12895999999999996,500,500,False,0.0004426358495373438,True
GMSC,M2,SHAP,epistemic,,,,False,,,2000,2000,True,,False
GMSC,M2,SHAP,aleatoric,-2.0833007731270623,-2.2084442448092867,-1.955564421739935,True,9.858685496177292e-163,0.993144,500,500,False,6.506732427477013e-161,True
GMSC,M2,SHAP,intra,,,,False,,,2000,2000,True,,False
GMSC,M2,SHAP,inter,,,,False,,,2000,2000,True,,False
GMSC,M2,LIME,epistemic,,,,False,,,2000,2000,True,,False
GMSC,M2,LIME,aleatoric,-1.8222203469993086,-1.952998345837118,-1.6963025015499211,True,5.863050618054831e-161,0.956728,500,500,False,7.739226815832376e-160,True
GMSC,M2,LIME,intra,,,,False,,,2000,2000,True,,False
GMSC,M2,LIME,inter,,,,False,,,2000,2000,True,,False
GMSC,M3,SHAP,epistemic,-1.6620197202282647,-1.7810348242128093,-1.5462163250958705,True,1.0570909953747012e-147,0.94556,500,500,False,6.976800569473027e-147,True
GMSC,M3,SHAP,aleatoric,-2.078994787519639,-2.2113129046704385,-1.958933705632356,True,1.664044929601103e-161,0.989344,500,500,False,2.74567413384182e-160,True
GMSC,M3,SHAP,intra,-1.6620197202282647,-1.7810348242128093,-1.5462163250958705,True,1.0570909953747012e-147,0.94556,500,500,False,6.976800569473027e-147,True
GMSC,M3,SHAP,inter,,,,False,,,2000,2000,True,,False
GMSC,M3,LIME,epistemic,-1.411459154509758,-1.5307948270417704,-1.2852980043473576,True,1.943287251102489e-113,0.786764,500,500,False,4.137321244282719e-113,True
GMSC,M3,LIME,aleatoric,-1.8186983507946655,-1.955667208187233,-1.692186294787842,True,2.417894211034558e-159,0.951376,500,500,False,1.9947627241035105e-158,True
GMSC,M3,LIME,intra,-1.411459154509758,-1.5307948270417704,-1.2852980043473576,True,1.943287251102489e-113,0.786764,500,500,False,4.137321244282719e-113,True
GMSC,M3,LIME,inter,,,,False,,,2000,2000,True,,False
GMSC,M4,SHAP,epistemic,-1.4096165482301515,-1.52068938498681,-1.2947678457092617,True,3.728788332467565e-123,0.862236,500,500,False,1.0700001301863447e-122,True
GMSC,M4,SHAP,aleatoric,-2.1268287820708607,-2.2479172421477256,-2.0105516316581764,True,3.9488246747811235e-162,0.99128,500,500,False,1.3031121426777707e-160,True
GMSC,M4,SHAP,intra,,,,False,,,2000,2000,True,,False
GMSC,M4,SHAP,inter,-1.4096165482301515,-1.52068938498681,-1.2947678457092617,True,3.728788332467565e-123,0.862236,500,500,False,1.0700001301863447e-122,True
GMSC,M4,LIME,epistemic,-1.1603454733739227,-1.2750985941870048,-1.0387095771086616,True,5.781435505062639e-90,0.6970959999999999,500,500,False,1.1562871010125277e-89,True
GMSC,M4,LIME,aleatoric,-1.832507735300621,-1.9574861472100809,-1.7144397679196364,True,1.1102512726537165e-160,0.955172,500,500,False,1.221276399919088e-159,True
GMSC,M4,LIME,intra,,,,False,,,2000,2000,True,,False
GMSC,M4,LIME,inter,-1.1603454733739227,-1.2750985941870048,-1.0387095771086616,True,5.781435505062639e-90,0.6970959999999999,500,500,False,1.1562871010125277e-89,True
GMSC,M5,SHAP,epistemic,-1.1294663158548974,-1.2466233681600205,-1.0014456802936265,True,9.317219929711485e-87,0.721256,500,500,False,1.8086368098851704e-86,True
GMSC,M5,SHAP,aleatoric,-2.1148364473849166,-2.2330482897908004,-1.9962910561430567,True,6.354884440054977e-162,0.99064,500,500,False,1.3980745768120951e-160,True
GMSC,M5,SHAP,intra,-1.4240796567813212,-1.5463618627243818,-1.291583466257833,True,8.519744031070971e-114,0.828272,500,500,False,1.9389762277609798e-113,True
GMSC,M5,SHAP,inter,-0.09777169468245368,-0.23184363936192653,0.02591216493125671,False,0.0007316608627044267,0.12339199999999995,500,500,False,0.0007665018561665423,True
GMSC,M5,LIME,epistemic,-0.9196584230796506,-1.046501017897073,-0.7930129723147178,True,7.188973202048757e-55,0.5355920000000001,500,500,False,1.1296957888933762e-54,True
GMSC,M5,LIME,aleatoric,-1.8199399351794654,-1.937193121081902,-1.7076041079758568,True,2.4058149568535235e-159,0.94992,500,500,False,1.9947627241035105e-158,True
GMSC,M5,LIME,intra,-1.2101585807467248,-1.3352824316807475,-1.0737955014075342,True,5.527762563217753e-85,0.678296,500,500,False,1.0423780833496334e-84,True
GMSC,M5,LIME,inter,-0.009458751738768163,-0.1392816139165925,0.11522559235099034,False,0.591239316526089,0.018664000000000014,500,500,False,0.591239316526089,False
