Dataset,Model,Method,Group,N,K,rho_epistemic,p_epistemic,rho_aleatoric,p_aleatoric,rho_intra,p_intra,rho_inter,p_inter,p_epistemic_FDR,Sig_epistemic_FDR
HOME CREDIT,M2,SHAP,All,2000,31,,,0.7664442626110657,0.0,,,,,,False
HOME CREDIT,M2,SHAP,Minority,1000,31,,,0.8129849489849489,1.2504594414838878e-236,,,,,,
HOME CREDIT,M2,SHAP,Majority,1000,31,,,0.6704459384459385,1.6374178978163064e-131,,,,,,
HOME CREDIT,M2,LIME,All,2000,31,,,0.6857030089257522,6.491897134003347e-278,,,,,,False
HOME CREDIT,M2,LIME,Minority,1000,31,,,0.7464370344370346,1.0047706965980708e-178,,,,,,
HOME CREDIT,M2,LIME,Majority,1000,31,,,0.5595895875895877,1.7804658314417963e-83,,,,,,
HOME CREDIT,M3,SHAP,All,2000,31,0.41254601213650305,4.9265904037392074e-83,0.7660054450013611,0.0,0.41254601213650305,4.9265904037392074e-83,,,8.867862726730573e-83,True
HOME CREDIT,M3,SHAP,Minority,1000,31,0.31434603834603836,2.2569599451243593e-24,0.8128769248769249,1.6194083480923833e-236,0.31434603834603836,2.2569599451243593e-24,,,,
HOME CREDIT,M3,SHAP,Majority,1000,31,0.4145205545205546,8.41372102330144e-43,0.6691630291630293,7.771119651201701e-131,0.4145205545205546,8.41372102330144e-43,,,,
HOME CREDIT,M3,LIME,All,2000,31,0.3932056403014101,6.102269882681808e-75,0.686657300164325,5.470032395810626e-279,0.3932056403014101,6.102269882681808e-75,,,9.985532535297502e-75,True
HOME CREDIT,M3,LIME,Minority,1000,31,0.30554768954768957,4.7121129417501486e-23,0.7472589392589393,2.5116348016338147e-179,0.30554768954768957,4.7121129417501486e-23,,,,
HOME CREDIT,M3,LIME,Majority,1000,31,0.39009202209202215,1.0822725781636926e-37,0.5595921195921197,1.7767961242245694e-83,0.39009202209202215,1.0822725781636926e-37,,,,
HOME CREDIT,M4,SHAP,All,2000,31,0.48614097696754716,3.847855745544847e-119,0.7617192759654637,0.0,,,0.48614097696754716,3.847855745544847e-119,1.1543567236634542e-118,True
HOME CREDIT,M4,SHAP,Minority,1000,31,0.4138424710839986,1.1820189237922146e-42,0.8163780808272151,3.407329529914836e-240,,,0.4138424710839986,1.1820189237922146e-42,,
HOME CREDIT,M4,SHAP,Majority,1000,31,0.4376567216567217,4.78647013641951e-48,0.645965433965434,3.623884707351994e-119,,,0.4376567216567217,4.78647013641951e-48,,
HOME CREDIT,M4,LIME,All,2000,31,0.4699130539782635,2.1179953360705245e-110,0.7077574319393579,7.464098404296816e-304,,,0.4699130539782635,2.1179953360705245e-110,5.446273721324206e-110,True
HOME CREDIT,M4,LIME,Minority,1000,31,0.37899547899547903,1.6490152415697074e-35,0.7526586806586807,2.428582170356628e-183,,,0.37899547899547903,1.6490152415697074e-35,,
HOME CREDIT,M4,LIME,Majority,1000,31,0.4517329037329038,1.9243283779774074e-51,0.5980291060291061,5.0890209028228724e-98,,,0.4517329037329038,1.9243283779774074e-51,,
HOME CREDIT,M5,SHAP,All,2000,31,0.4167588096897024,7.205125537356479e-85,0.7592707163176791,0.0,0.3956586929146732,6.145370228235615e-76,0.32555240438810107,1.3518288573396597e-50,1.4410251074712959e-84,True
HOME CREDIT,M5,SHAP,Minority,1000,31,0.3065898545898546,3.305411638015239e-23,0.8138990258990261,1.393123595667213e-237,0.26783579183579187,6.871130664280836e-18,0.262005094005094,3.6844512679746314e-17,,
HOME CREDIT,M5,SHAP,Majority,1000,31,0.4259005499005499,2.4895838650588155e-45,0.6511107751107751,1.1466832365988692e-121,0.41476974676974676,7.424158967891093e-43,0.30253512253512255,1.3027535004176447e-22,,
HOME CREDIT,M5,LIME,All,2000,31,0.4230269227567306,1.1981906905575478e-87,0.7264063231015807,0.0,0.4037638309409577,2.7164799613712356e-79,0.3271774537943634,4.1087866853402e-51,2.6959290537544825e-87,True
HOME CREDIT,M5,LIME,Minority,1000,31,0.3192880152880153,3.9132921542593853e-25,0.7917568557568558,7.185549187365046e-216,0.28259340659340665,8.120173410635756e-20,0.2617673857673858,3.942074983601809e-17,,
HOME CREDIT,M5,LIME,Majority,1000,31,0.4237245997245997,7.712564691346118e-45,0.5836233196233197,2.428296553926126e-92,0.4163400443400443,3.366350156316987e-43,0.3074566994566995,2.4584783322293202e-23,,
TAIWAN,M2,SHAP,All,2000,7,,,0.7078404137255436,5.899244570250991e-304,,,,,,False
TAIWAN,M2,SHAP,Minority,1000,7,,,0.6252305532305532,1.4469398591892175e-109,,,,,,
TAIWAN,M2,SHAP,Majority,1000,7,,,0.5968283248283249,1.5524130382770924e-97,,,,,,
TAIWAN,M2,LIME,All,2000,7,,,0.6466081948945268,3.330773844058326e-237,,,,,,False
TAIWAN,M2,LIME,Minority,1000,7,,,0.587912411912412,5.300997632134392e-94,,,,,,
TAIWAN,M2,LIME,Majority,1000,7,,,0.5252558132558133,5.273907548331919e-72,,,,,,
TAIWAN,M3,SHAP,All,2000,7,0.10290413272603319,4.000009962719435e-06,0.715807255951814,0.0,0.10290413272603319,4.000009962719435e-06,,,4.235304666408813e-06,True
TAIWAN,M3,SHAP,Minority,1000,7,0.022402006402006402,0.4791834951608308,0.6586714306714306,1.9797102888883792e-125,0.022402006402006402,0.4791834951608308,,,,
TAIWAN,M3,SHAP,Majority,1000,7,0.14342564342564346,5.278441739904062e-06,0.5904806784806785,5.222124980671837e-95,0.14342564342564346,5.278441739904062e-06,,,,
TAIWAN,M3,LIME,All,2000,7,0.07918748579687145,0.0003930223066243465,0.6574670003667501,6.707956743371595e-248,0.07918748579687145,0.0003930223066243465,,,0.0003930223066243465,True
TAIWAN,M3,LIME,Minority,1000,7,0.015888699888699887,0.6157743982299473,0.6224424584424585,2.492049528858865e-108,0.015888699888699887,0.6157743982299473,,,,
TAIWAN,M3,LIME,Majority,1000,7,0.10015696015696017,0.0015178081844714184,0.5233959313959314,2.025769323099426e-71,0.10015696015696017,0.0015178081844714184,,,,
TAIWAN,M4,SHAP,All,2000,7,0.211408802681479,1.2146431551012692e-21,0.7050235757702779,1.6570757813244288e-300,,,0.211408802681479,1.2146431551012692e-21,1.681813599370988e-21,True
TAIWAN,M4,SHAP,Minority,1000,7,0.11397286197286198,0.0003045436037862187,0.635927087927088,1.9926207172914152e-114,,,0.11397286197286198,0.0003045436037862187,,
TAIWAN,M4,SHAP,Majority,1000,7,0.19265244065244067,8.138025782367935e-10,0.5727853407853408,2.977646241260746e-88,,,0.19265244065244067,8.138025782367935e-10,,
TAIWAN,M4,LIME,All,2000,7,0.1636412704716831,1.7932103479216303e-13,0.645769222184469,2.1418120946553865e-236,,,0.1636412704716831,1.7932103479216303e-13,2.017361641411834e-13,True
TAIWAN,M4,LIME,Minority,1000,7,0.07412261012261012,0.01906505613388054,0.5931328971328972,4.665561649178525e-96,,,0.07412261012261012,0.01906505613388054,,
TAIWAN,M4,LIME,Majority,1000,7,0.13722346122346124,1.3332568073678325e-05,0.5174919374919374,1.3741542260197985e-69,,,0.13722346122346124,1.3332568073678325e-05,,
TAIWAN,M5,SHAP,All,2000,7,0.20686134521533633,9.050389717297755e-21,0.7185995816498955,0.0,0.20423231255807814,2.829373858536063e-20,0.10611547302886826,1.97373470851038e-06,1.16362153508114e-20,True
TAIWAN,M5,SHAP,Minority,1000,7,0.16402312402312405,1.830827638903646e-07,0.6634638034638035,7.151904179032465e-128,0.15214726414726418,1.3417542626201604e-06,0.09645915645915647,0.0022610262078322932,,
TAIWAN,M5,SHAP,Majority,1000,7,0.16673656673656675,1.1376266313399472e-07,0.5893148293148293,1.4992212467800178e-94,0.18362395562395561,4.938223600104259e-09,0.065987045987046,0.036946208413888716,,
TAIWAN,M5,LIME,All,2000,7,0.17649227462306866,1.8571761993738427e-15,0.6533322268330567,8.943161805509753e-244,0.17413264953316238,4.4142380522527076e-15,0.09217400754350188,3.653586207037518e-05,2.228611439248611e-15,True
TAIWAN,M5,LIME,Minority,1000,7,0.14527004527004528,3.976910208439061e-06,0.6266245826245828,3.448915633977327e-110,0.14463225663225665,4.3876929371291594e-06,0.0756981756981757,0.01665537175554748,,
TAIWAN,M5,LIME,Majority,1000,7,0.13308399708399707,2.4212762695090516e-05,0.5148383268383269,8.902895370963148e-69,0.13235452835452838,2.684907466332706e-05,0.07230292830292831,0.022221935402704156,,
GMSC,M2,SHAP,All,2000,3,,,0.8662109107358543,0.0,,,,,,False
GMSC,M2,SHAP,Minority,1000,3,,,0.9272165264128189,0.0,,,,,,
GMSC,M2,SHAP,Majority,1000,3,,,0.6249060552189046,2.0181941028454974e-109,,,,,,
GMSC,M2,LIME,All,2000,3,,,0.7363609366197893,0.0,,,,,,False
GMSC,M2,LIME,Minority,1000,3,,,0.8591231731147999,1.3297544883889474e-292,,,,,,
GMSC,M2,LIME,Majority,1000,3,,,0.37759076833235794,3.073260128037174e-35,,,,,,
GMSC,M3,SHAP,All,2000,3,0.7233913660839352,0.0,0.8660115536606171,0.0,0.7233913660839352,0.0,,,0.0,True
GMSC,M3,SHAP,Minority,1000,3,0.6458351785227961,4.186285075824733e-119,0.9290222795506852,0.0,0.6458351785227961,4.186285075824733e-119,,,,
GMSC,M3,SHAP,Majority,1000,3,0.5296814792713709,2.073463288730097e-73,0.6234649229519079,8.804408474043072e-109,0.5296814792713709,2.073463288730097e-73,,,,
GMSC,M3,LIME,All,2000,3,0.6045604822909363,1.269099605932527e-199,0.7368095431135644,0.0,0.6045604822909363,1.269099605932527e-199,,,7.614597635595162e-199,True
GMSC,M3,LIME,Minority,1000,3,0.5883809873865824,3.4785173011277395e-94,0.8602381885104012,3.396847952602087e-294,0.5883809873865824,3.4785173011277395e-94,,,,
GMSC,M3,LIME,Majority,1000,3,0.34658580902150327,1.3372279226012422e-29,0.38010786077358405,1.0050199107309779e-35,0.34658580902150327,1.3372279226012422e-29,,,,
GMSC,M4,SHAP,All,2000,3,0.6295387819221725,3.012167343895308e-221,0.8780981300268096,0.0,,,0.6295387819221725,3.012167343895308e-221,2.7109506095057775e-220,True
GMSC,M4,SHAP,Minority,1000,3,0.5309508857294437,8.123104517014591e-74,0.9315246579083799,0.0,,,0.5309508857294437,8.123104517014591e-74,,
GMSC,M4,SHAP,Majority,1000,3,0.4534710496541924,7.141904459434521e-52,0.6595198223191617,7.371232514707085e-126,,,0.4534710496541924,7.141904459434521e-52,,
GMSC,M4,LIME,All,2000,3,0.5124355739233681,2.4128307392636175e-134,0.7409154906877725,0.0,,,0.5124355739233681,2.4128307392636175e-134,1.085773832668628e-133,True
GMSC,M4,LIME,Minority,1000,3,0.47504365431660983,1.9913998213659666e-57,0.8672603575178435,1.4877444296238285e-304,,,0.47504365431660983,1.9913998213659666e-57,,
GMSC,M4,LIME,Majority,1000,3,0.25601552632668084,1.981049706731789e-16,0.385847836356448,7.571417426688632e-37,,,0.25601552632668084,1.981049706731789e-16,,
GMSC,M5,SHAP,All,2000,3,0.5016318110688116,6.169059897418856e-128,0.8767631836977647,0.0,0.618182157659228,3.5716169700292538e-211,0.09481376843107754,2.1653568633297076e-05,2.220861563070788e-127,True
GMSC,M5,SHAP,Minority,1000,3,0.3955124465643576,8.653905531919368e-39,0.9313752381106215,0.0,0.5360528717426168,1.8048493701192087e-75,-0.0008466968746378721,0.9786659741485187,,
GMSC,M5,SHAP,Majority,1000,3,0.37299897927863596,2.3025231959330793e-34,0.6475666006906189,6.116194878477505e-120,0.44521973349886634,7.504837726864664e-50,0.13825088002120575,1.1466445974300827e-05,,
GMSC,M5,LIME,All,2000,3,0.3925390011215195,1.134913299587102e-74,0.7412286810188613,0.0,0.5153391032672657,4.1759998134275025e-136,0.018402875340736983,0.4107601114549912,1.7023699493806531e-74,True
GMSC,M5,LIME,Minority,1000,3,0.3478569661190417,8.074443609596293e-30,0.8663173010510259,3.9602957383444194e-303,0.49526244419835325,5.246193155726607e-63,-0.03148589982652422,0.3198953874410824,,
GMSC,M5,LIME,Majority,1000,3,0.22077566273113006,1.6638101650021192e-12,0.38649382579182623,5.641395149598491e-37,0.2873654832148323,1.8235680304206413e-20,0.036874481264582926,0.24401443209912865,,
