Dataset,Variant,Method,Model,K,Comp,Suff,CompRandom,SuffRandom,Comp_beats_random
HOME CREDIT,prob,SHAP,M1,10,0.025387650805991143,0.0020052564195357264,0.00039501780329396753,0.029679381238387578,True
HOME CREDIT,prob,SHAP,M1,21,0.03178194803092629,-0.0027730855156551117,0.0010291514964192174,0.023801284414024848,True
HOME CREDIT,prob,SHAP,M1,31,0.03503683177265338,-0.005440796073526144,0.0032578397437846435,0.018784073285649357,True
HOME CREDIT,prob,SHAP,M1,42,0.03521499728097115,-0.0033900602161884307,0.006734830336597497,0.013851435726224735,True
HOME CREDIT,prob,SHAP,M1,52,0.03431741350598168,-0.002370054411701858,0.011492369923071238,0.010014883157466101,True
HOME CREDIT,prob,SHAP,M2,10,0.021787320005940275,-0.005074272118217777,-0.0002445678756839698,0.024006359259788043,True
HOME CREDIT,prob,SHAP,M2,21,0.027040248824516312,-0.006236216715944465,-0.0005435033920621208,0.018964843665141246,True
HOME CREDIT,prob,SHAP,M2,31,0.026060556219425053,-0.0011030861043254845,0.0013975661064196175,0.014193083793128608,True
HOME CREDIT,prob,SHAP,M2,42,0.026441661417018623,5.022897775052115e-05,0.003969844457638146,0.009674066857328398,True
HOME CREDIT,prob,SHAP,M2,52,0.026969344950513913,0.000650912685028743,0.0070099958633895055,0.0059248659758886785,True
HOME CREDIT,prob,SHAP,M3,10,0.021787320005940275,-0.005074272118217777,-0.0002445678756839698,0.024006359259788043,True
HOME CREDIT,prob,SHAP,M3,21,0.027040248824516312,-0.006236216715944465,-0.0005435033920621208,0.018964843665141246,True
HOME CREDIT,prob,SHAP,M3,31,0.026060556219425053,-0.0011030861043254845,0.0013975661064196175,0.014193083793128608,True
HOME CREDIT,prob,SHAP,M3,42,0.026441661417018623,5.022897775052115e-05,0.003969844457638146,0.009674066857328398,True
HOME CREDIT,prob,SHAP,M3,52,0.026969344950513913,0.000650912685028743,0.0070099958633895055,0.0059248659758886785,True
HOME CREDIT,prob,SHAP,M4,10,0.025136881512124093,-0.005571277907816693,0.0006352982805289287,0.026390650790604014,True
HOME CREDIT,prob,SHAP,M4,21,0.030467321251286195,-0.005496467868797481,0.0013581760598619325,0.021485221042067678,True
HOME CREDIT,prob,SHAP,M4,31,0.028736934358021243,0.0009311901654582471,0.003754056394347572,0.016958235927337226,True
HOME CREDIT,prob,SHAP,M4,42,0.029357970135053618,0.002206898922333494,0.0066417204949029834,0.012434659412476321,True
HOME CREDIT,prob,SHAP,M4,52,0.028866812959546222,0.003120732783107087,0.009744914046834311,0.008678843443881305,True
HOME CREDIT,prob,SHAP,M5,10,0.025539096937747672,-0.0048418607135536145,0.0007870184623606278,0.027443296827469113,True
HOME CREDIT,prob,SHAP,M5,21,0.029194696184014903,-0.0055840370018268,0.001679977714915367,0.022467716974857468,True
HOME CREDIT,prob,SHAP,M5,31,0.027983213903615252,0.0005244268424576149,0.004213501255269875,0.017761323041431753,True
HOME CREDIT,prob,SHAP,M5,42,0.029537705729017035,0.001370574879227206,0.00720065403514991,0.013078077799393668,True
HOME CREDIT,prob,SHAP,M5,52,0.029300755865639076,0.0022312052429188044,0.010392590516276754,0.009194814623469938,True
HOME CREDIT,prob,LIME,M1,10,0.03283891003241297,0.0026027452757116406,0.00039501780329396753,0.029679381238387578,True
HOME CREDIT,prob,LIME,M1,21,0.02754161490726983,0.005201823956216685,0.0010291514964192174,0.023801284414024848,True
HOME CREDIT,prob,LIME,M1,31,0.02549340959335677,0.005170929896470625,0.0032578397437846435,0.018784073285649357,True
HOME CREDIT,prob,LIME,M1,42,0.026025963810039684,0.003062009142537136,0.006734830336597497,0.013851435726224735,True
HOME CREDIT,prob,LIME,M1,52,0.028328083746368065,0.002875266169838142,0.011492369923071238,0.010014883157466101,True
HOME CREDIT,prob,LIME,M2,10,0.029201827330864034,-0.005727856739191338,-0.0002445678756839698,0.024006359259788043,True
HOME CREDIT,prob,LIME,M2,21,0.025355204946594313,-0.004663103529950604,-0.0005435033920621208,0.018964843665141246,True
HOME CREDIT,prob,LIME,M2,31,0.023903966843616217,-0.006883287432487123,0.0013975661064196175,0.014193083793128608,True
HOME CREDIT,prob,LIME,M2,42,0.022795301771955566,-0.00751429990073666,0.003969844457638146,0.009674066857328398,True
HOME CREDIT,prob,LIME,M2,52,0.02251159547129646,-0.008142577713821084,0.0070099958633895055,0.0059248659758886785,True
HOME CREDIT,prob,LIME,M3,10,0.029201827330864034,-0.005727856739191338,-0.0002445678756839698,0.024006359259788043,True
HOME CREDIT,prob,LIME,M3,21,0.025355204946594313,-0.004663103529950604,-0.0005435033920621208,0.018964843665141246,True
HOME CREDIT,prob,LIME,M3,31,0.023903966843616217,-0.006883287432487123,0.0013975661064196175,0.014193083793128608,True
HOME CREDIT,prob,LIME,M3,42,0.022795301771955566,-0.00751429990073666,0.003969844457638146,0.009674066857328398,True
HOME CREDIT,prob,LIME,M3,52,0.02251159547129646,-0.008142577713821084,0.0070099958633895055,0.0059248659758886785,True
HOME CREDIT,prob,LIME,M4,10,0.030005654776701703,-0.00290170240891166,0.0006352982805289287,0.026390650790604014,True
HOME CREDIT,prob,LIME,M4,21,0.027279190545435993,-0.0021314462621230632,0.0013581760598619325,0.021485221042067678,True
HOME CREDIT,prob,LIME,M4,31,0.02662141112005338,-0.004483478057896719,0.003754056394347572,0.016958235927337226,True
HOME CREDIT,prob,LIME,M4,42,0.027259130647638814,-0.005903676013229415,0.0066417204949029834,0.012434659412476321,True
HOME CREDIT,prob,LIME,M4,52,0.02727720795548521,-0.005612954017939046,0.009744914046834311,0.008678843443881305,True
HOME CREDIT,prob,LIME,M5,10,0.030777892290614544,-0.0015771113182418048,0.0007870184623606278,0.027443296827469113,True
HOME CREDIT,prob,LIME,M5,21,0.0302966913129203,-0.0029201692604692653,0.001679977714915367,0.022467716974857468,True
HOME CREDIT,prob,LIME,M5,31,0.03047034456487745,-0.005062551319249905,0.004213501255269875,0.017761323041431753,True
HOME CREDIT,prob,LIME,M5,42,0.029638153351377695,-0.005263724942458793,0.00720065403514991,0.013078077799393668,True
HOME CREDIT,prob,LIME,M5,52,0.028991747363004833,-0.00551436741487123,0.010392590516276754,0.009194814623469938,True
HOME CREDIT,logit,SHAP,M1,10,0.15895025213062763,0.11488128095492721,0.013034436234451278,0.35965264977826156,True
HOME CREDIT,logit,SHAP,M1,21,0.3014710790514946,0.0228537746865768,0.03230186287387187,0.28830728995651317,True
HOME CREDIT,logit,SHAP,M1,31,0.3692595065832138,-0.007890421860851347,0.05793095956649631,0.22730856823016074,True
HOME CREDIT,logit,SHAP,M1,42,0.3948501587808132,-0.006326358497142792,0.09803629497397197,0.16670436606666772,True
HOME CREDIT,logit,SHAP,M1,52,0.3934036334976554,-0.002026657538488507,0.1496238969512924,0.11921605904812532,True
HOME CREDIT,logit,SHAP,M2,10,0.18288137328624726,0.10029189765453339,0.01776168902466088,0.3147283035470755,True
HOME CREDIT,logit,SHAP,M2,21,0.24446215614676475,0.07227015283703804,0.033054922386043475,0.2613256867871969,True
HOME CREDIT,logit,SHAP,M2,31,0.2648549277931452,0.07537467469274997,0.061982827161904425,0.2132463892636588,True
HOME CREDIT,logit,SHAP,M2,42,0.2894426759928465,0.07386939585208893,0.09847225003290805,0.1616400330215256,True
HOME CREDIT,logit,SHAP,M2,52,0.3001527763158083,0.07414284946024417,0.13747264375476514,0.11885915876006402,True
HOME CREDIT,logit,SHAP,M3,10,0.18288137328624726,0.10029189765453339,0.01776168902466088,0.3147283035470755,True
HOME CREDIT,logit,SHAP,M3,21,0.24446215614676475,0.07227015283703804,0.033054922386043475,0.2613256867871969,True
HOME CREDIT,logit,SHAP,M3,31,0.2648549277931452,0.07537467469274997,0.061982827161904425,0.2132463892636588,True
HOME CREDIT,logit,SHAP,M3,42,0.2894426759928465,0.07386939585208893,0.09847225003290805,0.1616400330215256,True
HOME CREDIT,logit,SHAP,M3,52,0.3001527763158083,0.07414284946024417,0.13747264375476514,0.11885915876006402,True
HOME CREDIT,logit,SHAP,M4,10,0.21563822290301324,0.06949314896017313,0.01705626513189054,0.32350707359621084,True
HOME CREDIT,logit,SHAP,M4,21,0.2769212018251419,0.04873862939327955,0.033879237707325954,0.2643736791384872,True
HOME CREDIT,logit,SHAP,M4,31,0.3045665421485901,0.06941292363405227,0.06022031966894428,0.21284731396433199,True
HOME CREDIT,logit,SHAP,M4,42,0.31818714675307275,0.08024901311099529,0.09540730551541492,0.1604067204736639,True
HOME CREDIT,logit,SHAP,M4,52,0.30737622383236884,0.08653014209866523,0.13383305858186215,0.11642497922299663,True
HOME CREDIT,logit,SHAP,M5,10,0.20273253044486045,0.10637803483009338,0.022870979888270086,0.3389679484446242,True
HOME CREDIT,logit,SHAP,M5,21,0.2516619935333729,0.08209764660894871,0.044739770136919106,0.2826023967275396,True
HOME CREDIT,logit,SHAP,M5,31,0.2859821136146784,0.08592617464065552,0.07489849796284398,0.2321768090319674,True
HOME CREDIT,logit,SHAP,M5,42,0.31075156106054785,0.08453819248080253,0.11332832533591136,0.17890622969121614,True
HOME CREDIT,logit,SHAP,M5,52,0.3080486517995596,0.0856027130484581,0.1536038738037223,0.1339923208496948,True
HOME CREDIT,logit,LIME,M1,10,0.30201050522178413,0.07660390726104378,0.013034436234451278,0.35965264977826156,True
HOME CREDIT,logit,LIME,M1,21,0.22215166027098895,0.1133207582719624,0.03230186287387187,0.28830728995651317,True
HOME CREDIT,logit,LIME,M1,31,0.2098648276105523,0.10991527087241411,0.05793095956649631,0.22730856823016074,True
HOME CREDIT,logit,LIME,M1,42,0.21391956315934657,0.08351300313603133,0.09803629497397197,0.16670436606666772,True
HOME CREDIT,logit,LIME,M1,52,0.24780846425890923,0.062251599311828616,0.1496238969512924,0.11921605904812532,True
HOME CREDIT,logit,LIME,M2,10,0.2936837757378817,0.010993852481245995,0.01776168902466088,0.3147283035470755,True
HOME CREDIT,logit,LIME,M2,21,0.26047044613957404,0.018590618416666985,0.033054922386043475,0.2613256867871969,True
HOME CREDIT,logit,LIME,M2,31,0.2526624419987202,0.001067944198846817,0.061982827161904425,0.2132463892636588,True
HOME CREDIT,logit,LIME,M2,42,0.2592705165147781,-0.013633003801107407,0.09847225003290805,0.1616400330215256,True
HOME CREDIT,logit,LIME,M2,52,0.2696948639452457,-0.028361467406153678,0.13747264375476514,0.11885915876006402,True
HOME CREDIT,logit,LIME,M3,10,0.2936837757378817,0.010993852481245995,0.01776168902466088,0.3147283035470755,True
HOME CREDIT,logit,LIME,M3,21,0.26047044613957404,0.018590618416666985,0.033054922386043475,0.2613256867871969,True
HOME CREDIT,logit,LIME,M3,31,0.2526624419987202,0.001067944198846817,0.061982827161904425,0.2132463892636588,True
HOME CREDIT,logit,LIME,M3,42,0.2592705165147781,-0.013633003801107407,0.09847225003290805,0.1616400330215256,True
HOME CREDIT,logit,LIME,M3,52,0.2696948639452457,-0.028361467406153678,0.13747264375476514,0.11885915876006402,True
HOME CREDIT,logit,LIME,M4,10,0.2789848604351282,0.020032307393848897,0.01705626513189054,0.32350707359621084,True
HOME CREDIT,logit,LIME,M4,21,0.25256152905523777,0.03231089078634977,0.033879237707325954,0.2643736791384872,True
HOME CREDIT,logit,LIME,M4,31,0.2626123404353857,0.01168786807358265,0.06022031966894428,0.21284731396433199,True
HOME CREDIT,logit,LIME,M4,42,0.28629003866016867,-0.010094358220696448,0.09540730551541492,0.1604067204736639,True
HOME CREDIT,logit,LIME,M4,52,0.29910125793516634,-0.018008965581655503,0.13383305858186215,0.11642497922299663,True
HOME CREDIT,logit,LIME,M5,10,0.2797205500155687,0.03544597686827183,0.022870979888270086,0.3389679484446242,True
HOME CREDIT,logit,LIME,M5,21,0.2877645483091474,0.0313725910410285,0.044739770136919106,0.2826023967275396,True
HOME CREDIT,logit,LIME,M5,31,0.29753558652102946,0.023251747108995916,0.07489849796284398,0.2321768090319674,True
HOME CREDIT,logit,LIME,M5,42,0.3038624667078257,0.015487532578408719,0.11332832533591136,0.17890622969121614,True
HOME CREDIT,logit,LIME,M5,52,0.31278060233592986,0.0007817154824733734,0.1536038738037223,0.1339923208496948,True
HOME CREDIT,norm,SHAP,M1,10,0.7101353478555966,0.2581733962174459,0.04506833999629002,0.9263801428435618,True
HOME CREDIT,norm,SHAP,M1,21,0.8693682142612349,0.03490586010462274,0.11556153358797944,0.8086382883731118,True
HOME CREDIT,norm,SHAP,M1,31,0.9500362480415542,-0.03292094529061707,0.2187481788775693,0.6985989996775692,True
HOME CREDIT,norm,SHAP,M1,42,0.9740461537099475,-0.04587218241231004,0.3384994898467655,0.5725026881336817,True
HOME CREDIT,norm,SHAP,M1,52,1.0049746851126025,-0.028936634617735026,0.4821624437838829,0.4671285141304321,True
HOME CREDIT,norm,SHAP,M2,10,0.8589626758638056,0.0874003140692397,0.02187859927223846,0.9207023483825948,True
HOME CREDIT,norm,SHAP,M2,21,0.8933122453231451,0.031121810265030483,0.08724656021382897,0.8043951132210121,True
HOME CREDIT,norm,SHAP,M2,31,0.9483277422632963,-0.009705568840457993,0.18429226997159565,0.6838102502263532,True
HOME CREDIT,norm,SHAP,M2,42,0.9794035415177911,0.004432982429291624,0.3024064294708548,0.5589946692836754,True
HOME CREDIT,norm,SHAP,M2,52,0.9602966838904264,0.013586024445861884,0.41729833954268436,0.43351036532740345,True
HOME CREDIT,norm,SHAP,M3,10,0.8589626758638056,0.0874003140692397,0.02187859927223846,0.9207023483825948,True
HOME CREDIT,norm,SHAP,M3,21,0.8933122453231451,0.031121810265030483,0.08724656021382897,0.8043951132210121,True
HOME CREDIT,norm,SHAP,M3,31,0.9483277422632963,-0.009705568840457993,0.18429226997159565,0.6838102502263532,True
HOME CREDIT,norm,SHAP,M3,42,0.9794035415177911,0.004432982429291624,0.3024064294708548,0.5589946692836754,True
HOME CREDIT,norm,SHAP,M3,52,0.9602966838904264,0.013586024445861884,0.41729833954268436,0.43351036532740345,True
HOME CREDIT,norm,SHAP,M4,10,0.9307240609740217,0.10667678831336089,0.05361094962917899,0.9109010995106926,True
HOME CREDIT,norm,SHAP,M4,21,0.9272611222575108,0.06461919520871404,0.11834402218662048,0.8132469045789291,True
HOME CREDIT,norm,SHAP,M4,31,0.9958559422583009,0.02041502139243142,0.2120621565026231,0.7037966017873337,True
HOME CREDIT,norm,SHAP,M4,42,0.9936215227768407,0.04244186480564531,0.3219724816210878,0.5760577193142226,True
HOME CREDIT,norm,SHAP,M4,52,0.9943673953562936,0.04496497803739185,0.42538271196695665,0.48022569948739063,True
HOME CREDIT,norm,SHAP,M5,10,0.876299564188911,0.22469130025633507,0.06997429907693932,0.9383517431560904,True
HOME CREDIT,norm,SHAP,M5,21,0.8617747645063494,0.17585045449258302,0.1521359898564271,0.8513996896450408,True
HOME CREDIT,norm,SHAP,M5,31,0.9796038217531106,0.08156699714092727,0.265423804333036,0.7432694561650699,True
HOME CREDIT,norm,SHAP,M5,42,1.0124808698530963,0.08271787145952832,0.3720692987426988,0.6413339096486836,True
HOME CREDIT,norm,SHAP,M5,52,1.005710825128877,0.09789095379219942,0.4887493200285733,0.5369770569752214,True
HOME CREDIT,norm,LIME,M1,10,0.44080641527029835,0.5028177627798992,0.04506833999629002,0.9263801428435618,True
HOME CREDIT,norm,LIME,M1,21,0.515177777592957,0.43196413455321603,0.11556153358797944,0.8086382883731118,True
HOME CREDIT,norm,LIME,M1,31,0.6683030341449058,0.28167418465624394,0.2187481788775693,0.6985989996775692,True
HOME CREDIT,norm,LIME,M1,42,0.6687292248458045,0.26927392234254016,0.3384994898467655,0.5725026881336817,True
HOME CREDIT,norm,LIME,M1,52,0.7612702583256304,0.19375108574909314,0.4821624437838829,0.4671285141304321,True
HOME CREDIT,norm,LIME,M2,10,0.5323823180301113,0.3298868451083792,0.02187859927223846,0.9207023483825948,True
HOME CREDIT,norm,LIME,M2,21,0.6032349555767923,0.24459797899852065,0.08724656021382897,0.8043951132210121,True
HOME CREDIT,norm,LIME,M2,31,0.6690205335045131,0.1849651807840807,0.18429226997159565,0.6838102502263532,True
HOME CREDIT,norm,LIME,M2,42,0.7395229002532998,0.1651782350311766,0.3024064294708548,0.5589946692836754,True
HOME CREDIT,norm,LIME,M2,52,0.7922001550461935,0.10705435944638217,0.41729833954268436,0.43351036532740345,True
HOME CREDIT,norm,LIME,M3,10,0.5323823180301113,0.3298868451083792,0.02187859927223846,0.9207023483825948,True
HOME CREDIT,norm,LIME,M3,21,0.6032349555767923,0.24459797899852065,0.08724656021382897,0.8043951132210121,True
HOME CREDIT,norm,LIME,M3,31,0.6690205335045131,0.1849651807840807,0.18429226997159565,0.6838102502263532,True
HOME CREDIT,norm,LIME,M3,42,0.7395229002532998,0.1651782350311766,0.3024064294708548,0.5589946692836754,True
HOME CREDIT,norm,LIME,M3,52,0.7922001550461935,0.10705435944638217,0.41729833954268436,0.43351036532740345,True
HOME CREDIT,norm,LIME,M4,10,0.6558959357977534,0.301641663519262,0.05361094962917899,0.9109010995106926,True
HOME CREDIT,norm,LIME,M4,21,0.6763802697412981,0.24505679311412581,0.11834402218662048,0.8132469045789291,True
HOME CREDIT,norm,LIME,M4,31,0.7648161794743888,0.15059451690629747,0.2120621565026231,0.7037966017873337,True
HOME CREDIT,norm,LIME,M4,42,0.8319959850218147,0.11230648989721279,0.3219724816210878,0.5760577193142226,True
HOME CREDIT,norm,LIME,M4,52,0.8685523897101481,0.06826567878051525,0.42538271196695665,0.48022569948739063,True
HOME CREDIT,norm,LIME,M5,10,0.6195790017924663,0.41365413359679687,0.06997429907693932,0.9383517431560904,True
HOME CREDIT,norm,LIME,M5,21,0.7052082944913406,0.3634376789952744,0.1521359898564271,0.8513996896450408,True
HOME CREDIT,norm,LIME,M5,31,0.753449365184853,0.29763754761736194,0.265423804333036,0.7432694561650699,True
HOME CREDIT,norm,LIME,M5,42,0.7581012174740999,0.2531354797430779,0.3720692987426988,0.6413339096486836,True
HOME CREDIT,norm,LIME,M5,52,0.8232744221621381,0.17597946210238313,0.4887493200285733,0.5369770569752214,True
TAIWAN,prob,SHAP,M1,2,0.05971390846034046,0.01847659567699884,0.006741605969896227,0.06132027506852319,True
TAIWAN,prob,SHAP,M1,5,0.06966396521369461,-0.00378808287132415,0.014494389000548835,0.05260940191749796,True
TAIWAN,prob,SHAP,M1,7,0.06960543286078609,-0.011873323638981675,0.01918216662280611,0.04507396931307449,True
TAIWAN,prob,SHAP,M1,9,0.06550161596923135,-0.013324272363999625,0.02351161395821873,0.03716591540101217,True
TAIWAN,prob,SHAP,M1,12,0.06868725299718789,-0.005978009315324016,0.03292951017173073,0.026674199592564035,True
TAIWAN,prob,SHAP,M2,2,0.04821733086928725,-0.011845046788919717,-0.0007530926589581668,0.04665919750620287,True
TAIWAN,prob,SHAP,M2,5,0.05816852953005582,-0.01915719018364325,0.0014184493047634987,0.033705272279090426,True
TAIWAN,prob,SHAP,M2,7,0.061043615833390505,-0.01634471603156999,0.0034277465221994137,0.02637910786987959,True
TAIWAN,prob,SHAP,M2,9,0.058495464446023104,-0.01297228663181886,0.007699089310520321,0.019391154339336934,True
TAIWAN,prob,SHAP,M2,12,0.056487617915961894,-0.006844000958837569,0.01498924760759428,0.010407652312897881,True
TAIWAN,prob,SHAP,M3,2,0.04821733086928725,-0.011845046788919717,-0.0007530926589581668,0.04665919750620287,True
TAIWAN,prob,SHAP,M3,5,0.05816852953005582,-0.01915719018364325,0.0014184493047634987,0.033705272279090426,True
TAIWAN,prob,SHAP,M3,7,0.061043615833390505,-0.01634471603156999,0.0034277465221994137,0.02637910786987959,True
TAIWAN,prob,SHAP,M3,9,0.058495464446023104,-0.01297228663181886,0.007699089310520321,0.019391154339336934,True
TAIWAN,prob,SHAP,M3,12,0.056487617915961894,-0.006844000958837569,0.01498924760759428,0.010407652312897881,True
TAIWAN,prob,SHAP,M4,2,0.04805815408518538,-0.010676921585574746,-0.0008723637839315188,0.045953367777088715,True
TAIWAN,prob,SHAP,M4,5,0.05608890159474686,-0.018069200937636195,0.0008387627192958575,0.03289572668773326,True
TAIWAN,prob,SHAP,M4,7,0.05965976371383294,-0.01539397755265236,0.0028769524497747625,0.025372474905390106,True
TAIWAN,prob,SHAP,M4,9,0.058287556865252554,-0.013344453800003975,0.006767779625124604,0.018701386098109653,True
TAIWAN,prob,SHAP,M4,12,0.0531825691293925,-0.006946866019628942,0.014374135888047021,0.009925087978713236,True
TAIWAN,prob,SHAP,M5,2,0.047583707850426434,-0.007503387837670744,-0.0006920216470216473,0.046341979671069566,True
TAIWAN,prob,SHAP,M5,5,0.05649767486657947,-0.014874098131433129,0.0011629178392180393,0.03341211946422845,True
TAIWAN,prob,SHAP,M5,7,0.05882499212725088,-0.012224048562347888,0.003290596452320187,0.025971858734214037,True
TAIWAN,prob,SHAP,M5,9,0.056374152869917454,-0.012240926518104971,0.007351760796961571,0.019286034311517142,True
TAIWAN,prob,SHAP,M5,12,0.053059919292107224,-0.006057628990150988,0.014850628565374792,0.010537410913158055,True
TAIWAN,prob,LIME,M1,2,0.052995441141334594,0.017593168734398205,0.006741605969896227,0.06132027506852319,True
TAIWAN,prob,LIME,M1,5,0.08110915156512055,-0.01129455131769646,0.014494389000548835,0.05260940191749796,True
TAIWAN,prob,LIME,M1,7,0.07751260243868455,-0.011918532524839974,0.01918216662280611,0.04507396931307449,True
TAIWAN,prob,LIME,M1,9,0.0777301107669482,-0.011294530415325426,0.02351161395821873,0.03716591540101217,True
TAIWAN,prob,LIME,M1,12,0.07302949711604742,-0.009018815479241311,0.03292951017173073,0.026674199592564035,True
TAIWAN,prob,LIME,M2,2,0.03807472298620269,-0.0033522757734172045,-0.0007530926589581668,0.04665919750620287,True
TAIWAN,prob,LIME,M2,5,0.05282769798813388,-0.012076840128283948,0.0014184493047634987,0.033705272279090426,True
TAIWAN,prob,LIME,M2,7,0.057212366899941115,-0.01466276205284521,0.0034277465221994137,0.02637910786987959,True
TAIWAN,prob,LIME,M2,9,0.058773866950999946,-0.016881957961712032,0.007699089310520321,0.019391154339336934,True
TAIWAN,prob,LIME,M2,12,0.05526436381507665,-0.01581917362706736,0.01498924760759428,0.010407652312897881,True
TAIWAN,prob,LIME,M3,2,0.03807472298620269,-0.0033522757734172045,-0.0007530926589581668,0.04665919750620287,True
TAIWAN,prob,LIME,M3,5,0.05282769798813388,-0.012076840128283948,0.0014184493047634987,0.033705272279090426,True
TAIWAN,prob,LIME,M3,7,0.057212366899941115,-0.01466276205284521,0.0034277465221994137,0.02637910786987959,True
TAIWAN,prob,LIME,M3,9,0.058773866950999946,-0.016881957961712032,0.007699089310520321,0.019391154339336934,True
TAIWAN,prob,LIME,M3,12,0.05526436381507665,-0.01581917362706736,0.01498924760759428,0.010407652312897881,True
TAIWAN,prob,LIME,M4,2,0.037738635988440364,-0.002375072369817644,-0.0008723637839315188,0.045953367777088715,True
TAIWAN,prob,LIME,M4,5,0.051014829941559585,-0.01098805986950174,0.0008387627192958575,0.03289572668773326,True
TAIWAN,prob,LIME,M4,7,0.0553271833374165,-0.012948454092722387,0.0028769524497747625,0.025372474905390106,True
TAIWAN,prob,LIME,M4,9,0.0553316911556758,-0.013494306378532201,0.006767779625124604,0.018701386098109653,True
TAIWAN,prob,LIME,M4,12,0.05553859229851514,-0.012870926671195776,0.014374135888047021,0.009925087978713236,True
TAIWAN,prob,LIME,M5,2,0.03833513736817986,-0.0007993656434118748,-0.0006920216470216473,0.046341979671069566,True
TAIWAN,prob,LIME,M5,5,0.04884822553489357,-0.009225018173921854,0.0011629178392180393,0.03341211946422845,True
TAIWAN,prob,LIME,M5,7,0.05222957679396495,-0.012272604188416154,0.003290596452320187,0.025971858734214037,True
TAIWAN,prob,LIME,M5,9,0.05086190535221249,-0.014151516618207098,0.007351760796961571,0.019286034311517142,True
TAIWAN,prob,LIME,M5,12,0.05182380843395367,-0.012996965292375534,0.014850628565374792,0.010537410913158055,True
TAIWAN,logit,SHAP,M1,2,0.20822527014277875,0.16490116149932146,0.030271634486329278,0.431492961303913,True
TAIWAN,logit,SHAP,M1,5,0.32588811437040566,0.02542974639777094,0.05989780022362174,0.3368925654544437,True
TAIWAN,logit,SHAP,M1,7,0.34679904782772064,-0.03494677642453462,0.08619774910697015,0.2634894725943741,True
TAIWAN,logit,SHAP,M1,9,0.35198487037420273,-0.04600182140711695,0.10551053156331182,0.20300148883175642,True
TAIWAN,logit,SHAP,M1,12,0.38569527860358355,-0.005858489666134119,0.16780554900920833,0.12813500745705095,True
TAIWAN,logit,SHAP,M2,2,0.18215297160623595,-0.07049749815231189,-0.023114735614995878,0.2575680680994774,True
TAIWAN,logit,SHAP,M2,5,0.24772746174409985,-0.10046805775165558,-0.0300101417277765,0.15811849827899097,True
TAIWAN,logit,SHAP,M2,7,0.28262822088226675,-0.0766226376928389,-0.028211487348773517,0.10667674809560686,True
TAIWAN,logit,SHAP,M2,9,0.2808915746323764,-0.03895792850106954,-0.009968747869344952,0.06038027576959575,True
TAIWAN,logit,SHAP,M2,12,0.28572423630952837,-0.003939928790088743,0.030570664196216967,0.007281031341815833,True
TAIWAN,logit,SHAP,M3,2,0.18215297160623595,-0.07049749815231189,-0.023114735614995878,0.2575680680994774,True
TAIWAN,logit,SHAP,M3,5,0.24772746174409985,-0.10046805775165558,-0.0300101417277765,0.15811849827899097,True
TAIWAN,logit,SHAP,M3,7,0.28262822088226675,-0.0766226376928389,-0.028211487348773517,0.10667674809560686,True
TAIWAN,logit,SHAP,M3,9,0.2808915746323764,-0.03895792850106954,-0.009968747869344952,0.06038027576959575,True
TAIWAN,logit,SHAP,M3,12,0.28572423630952837,-0.003939928790088743,0.030570664196216967,0.007281031341815833,True
TAIWAN,logit,SHAP,M4,2,0.18073745105601846,-0.07305238907970488,-0.027056543218738623,0.24897252996449823,True
TAIWAN,logit,SHAP,M4,5,0.23387598311156035,-0.11021661363868043,-0.040735200252762296,0.14586560249816374,True
TAIWAN,logit,SHAP,M4,7,0.2792321009337902,-0.08299556089239195,-0.04035460640920792,0.09108871283289045,True
TAIWAN,logit,SHAP,M4,9,0.27914974228292705,-0.05695101342629641,-0.025475057994462987,0.04589051849617681,True
TAIWAN,logit,SHAP,M4,12,0.26110998494178056,-0.021601928864605723,0.016549174969346495,-0.006300083311209846,True
TAIWAN,logit,SHAP,M5,2,0.1837832806929946,-0.057285770799964664,-0.024201480398689454,0.24760376683186042,True
TAIWAN,logit,SHAP,M5,5,0.2386486174557358,-0.09230200277408585,-0.03570285490882816,0.1482883969075265,True
TAIWAN,logit,SHAP,M5,7,0.270183617265895,-0.06473706181067973,-0.034730720480049056,0.0953857245866675,True
TAIWAN,logit,SHAP,M5,9,0.26384479787386955,-0.04740095958020538,-0.018527262431554847,0.05116790065399255,True
TAIWAN,logit,SHAP,M5,12,0.2566295350193977,-0.010743651802651584,0.02212658539113181,0.0004484579567288165,True
TAIWAN,logit,LIME,M1,2,0.3123796014618129,0.12898213379830123,0.030271634486329278,0.431492961303913,True
TAIWAN,logit,LIME,M1,5,0.4576073957551271,-0.07884353151544929,0.05989780022362174,0.3368925654544437,True
TAIWAN,logit,LIME,M1,7,0.42122256878763437,-0.0768943140860647,0.08619774910697015,0.2634894725943741,True
TAIWAN,logit,LIME,M1,9,0.4160328042320907,-0.07901432238146663,0.10551053156331182,0.20300148883175642,True
TAIWAN,logit,LIME,M1,12,0.4074863397181034,-0.07072658943012357,0.16780554900920833,0.12813500745705095,True
TAIWAN,logit,LIME,M2,2,0.1366392898838967,-0.02388950797356665,-0.023114735614995878,0.2575680680994774,True
TAIWAN,logit,LIME,M2,5,0.2299420575182885,-0.09409858797583728,-0.0300101417277765,0.15811849827899097,True
TAIWAN,logit,LIME,M2,7,0.26549994759913537,-0.11233830783609301,-0.028211487348773517,0.10667674809560686,True
TAIWAN,logit,LIME,M2,9,0.28676139417849483,-0.12635917890816928,-0.009968747869344952,0.06038027576959575,True
TAIWAN,logit,LIME,M2,12,0.26679034769907595,-0.11855511033302173,0.030570664196216967,0.007281031341815833,True
TAIWAN,logit,LIME,M3,2,0.1366392898838967,-0.02388950797356665,-0.023114735614995878,0.2575680680994774,True
TAIWAN,logit,LIME,M3,5,0.2299420575182885,-0.09409858797583728,-0.0300101417277765,0.15811849827899097,True
TAIWAN,logit,LIME,M3,7,0.26549994759913537,-0.11233830783609301,-0.028211487348773517,0.10667674809560686,True
TAIWAN,logit,LIME,M3,9,0.28676139417849483,-0.12635917890816928,-0.009968747869344952,0.06038027576959575,True
TAIWAN,logit,LIME,M3,12,0.26679034769907595,-0.11855511033302173,0.030570664196216967,0.007281031341815833,True
TAIWAN,logit,LIME,M4,2,0.13528969505615532,-0.030694618871435524,-0.027056543218738623,0.24897252996449823,True
TAIWAN,logit,LIME,M4,5,0.21893240731023253,-0.10470647082664072,-0.040735200252762296,0.14586560249816374,True
TAIWAN,logit,LIME,M4,7,0.2565947362985462,-0.11826879876991733,-0.04035460640920792,0.09108871283289045,True
TAIWAN,logit,LIME,M4,9,0.2635688597280532,-0.12076989394007251,-0.025475057994462987,0.04589051849617681,True
TAIWAN,logit,LIME,M4,12,0.2749041221216321,-0.11718827364314348,0.016549174969346495,-0.006300083311209846,True
TAIWAN,logit,LIME,M5,2,0.13805293906666338,-0.024800692247226835,-0.024201480398689454,0.24760376683186042,True
TAIWAN,logit,LIME,M5,5,0.20411961584165692,-0.0863254631748423,-0.03570285490882816,0.1482883969075265,True
TAIWAN,logit,LIME,M5,7,0.23308246146235614,-0.10656858198530972,-0.034730720480049056,0.0953857245866675,True
TAIWAN,logit,LIME,M5,9,0.23007418723404408,-0.1181102569559589,-0.018527262431554847,0.05116790065399255,True
TAIWAN,logit,LIME,M5,12,0.24488937141373754,-0.10993152913637459,0.02212658539113181,0.0004484579567288165,True
TAIWAN,norm,SHAP,M1,2,0.5870821289238043,0.6219058032767507,0.09940068712380525,0.9065379402723973,True
TAIWAN,norm,SHAP,M1,5,0.6768228162139038,0.31151186175972734,0.18882115433370739,0.7907081467990443,True
TAIWAN,norm,SHAP,M1,7,0.7138500840842731,0.2564856833925418,0.26680654304386076,0.6966086452260039,True
TAIWAN,norm,SHAP,M1,9,0.6660656482640543,0.18639058651166157,0.34278775909544335,0.6180117237027225,True
TAIWAN,norm,SHAP,M1,12,0.8060173382199902,0.18561198965052716,0.5005020242257325,0.4745146748619452,True
TAIWAN,norm,SHAP,M2,2,0.4851604443300794,0.562490288155197,0.09757892542185721,0.90713940994357,True
TAIWAN,norm,SHAP,M2,5,0.71736088659873,0.33462678573535715,0.2104449979918578,0.769620194475199,True
TAIWAN,norm,SHAP,M2,7,0.7974449289688039,0.30507296807212725,0.2996502810889563,0.6810306907327723,True
TAIWAN,norm,SHAP,M2,9,0.8856715449674158,0.22107987710554836,0.3718378754221007,0.6079182449104614,True
TAIWAN,norm,SHAP,M2,12,0.9302032474392514,0.16788900080095437,0.49384843996193484,0.47665888671834955,True
TAIWAN,norm,SHAP,M3,2,0.4851604443300794,0.562490288155197,0.09757892542185721,0.90713940994357,True
TAIWAN,norm,SHAP,M3,5,0.71736088659873,0.33462678573535715,0.2104449979918578,0.769620194475199,True
TAIWAN,norm,SHAP,M3,7,0.7974449289688039,0.30507296807212725,0.2996502810889563,0.6810306907327723,True
TAIWAN,norm,SHAP,M3,9,0.8856715449674158,0.22107987710554836,0.3718378754221007,0.6079182449104614,True
TAIWAN,norm,SHAP,M3,12,0.9302032474392514,0.16788900080095437,0.49384843996193484,0.47665888671834955,True
TAIWAN,norm,SHAP,M4,2,0.5411716862605874,0.4887954618914455,0.07714417549262607,0.9268968013480321,True
TAIWAN,norm,SHAP,M4,5,0.795194016791051,0.2911537436945895,0.1976678175469808,0.7884661555039995,True
TAIWAN,norm,SHAP,M4,7,0.8727301059075333,0.1993777211899339,0.2785139198884247,0.7009623196191925,True
TAIWAN,norm,SHAP,M4,9,0.9027027211944643,0.15154726865560236,0.37382620803711786,0.6176574190689142,True
TAIWAN,norm,SHAP,M4,12,0.9104198959452064,0.11430581594061177,0.5100490180970939,0.48276869770262903,True
TAIWAN,norm,SHAP,M5,2,0.5341761827346825,0.475809377467597,0.07428277373971907,0.9189606130984,True
TAIWAN,norm,SHAP,M5,5,0.7658143125496052,0.282965790322963,0.17823035589105604,0.7819756594842671,True
TAIWAN,norm,SHAP,M5,7,0.7939342160572476,0.240466541354579,0.2555493742881125,0.6868669871242412,True
TAIWAN,norm,SHAP,M5,9,0.8435726302265004,0.1822203539107545,0.3506364571215497,0.6039422186115149,True
TAIWAN,norm,SHAP,M5,12,0.8907517546987256,0.1216287286205594,0.4859603351871272,0.47442795273416366,True
TAIWAN,norm,LIME,M1,2,0.21531663907436757,0.8397607658893615,0.09940068712380525,0.9065379402723973,True
TAIWAN,norm,LIME,M1,5,0.33632380143573853,0.5909042009400861,0.18882115433370739,0.7907081467990443,True
TAIWAN,norm,LIME,M1,7,0.5238299684025556,0.49711711061956826,0.26680654304386076,0.6966086452260039,True
TAIWAN,norm,LIME,M1,9,0.5831152459535526,0.3908086799435978,0.34278775909544335,0.6180117237027225,True
TAIWAN,norm,LIME,M1,12,0.6901717856774576,0.25677882157314813,0.5005020242257325,0.4745146748619452,True
TAIWAN,norm,LIME,M2,2,0.39822961386240785,0.6145967322284269,0.09757892542185721,0.90713940994357,True
TAIWAN,norm,LIME,M2,5,0.6061674175518584,0.42238070348423146,0.2104449979918578,0.769620194475199,True
TAIWAN,norm,LIME,M2,7,0.6932985383385658,0.30888342937618696,0.2996502810889563,0.6810306907327723,True
TAIWAN,norm,LIME,M2,9,0.7705424868045643,0.25338034466006476,0.3718378754221007,0.6079182449104614,True
TAIWAN,norm,LIME,M2,12,0.831941365463412,0.18912658979277866,0.49384843996193484,0.47665888671834955,True
TAIWAN,norm,LIME,M3,2,0.39822961386240785,0.6145967322284269,0.09757892542185721,0.90713940994357,True
TAIWAN,norm,LIME,M3,5,0.6061674175518584,0.42238070348423146,0.2104449979918578,0.769620194475199,True
TAIWAN,norm,LIME,M3,7,0.6932985383385658,0.30888342937618696,0.2996502810889563,0.6810306907327723,True
TAIWAN,norm,LIME,M3,9,0.7705424868045643,0.25338034466006476,0.3718378754221007,0.6079182449104614,True
TAIWAN,norm,LIME,M3,12,0.831941365463412,0.18912658979277866,0.49384843996193484,0.47665888671834955,True
TAIWAN,norm,LIME,M4,2,0.47125613445566317,0.5272577319993897,0.07714417549262607,0.9268968013480321,True
TAIWAN,norm,LIME,M4,5,0.6689784831239698,0.3778885262161728,0.1976678175469808,0.7884661555039995,True
TAIWAN,norm,LIME,M4,7,0.7400324919599948,0.3181731563508444,0.2785139198884247,0.7009623196191925,True
TAIWAN,norm,LIME,M4,9,0.779292636130149,0.2669951778980081,0.37382620803711786,0.6176574190689142,True
TAIWAN,norm,LIME,M4,12,0.8379637980268553,0.18982939812285565,0.5100490180970939,0.48276869770262903,True
TAIWAN,norm,LIME,M5,2,0.45617034784489574,0.5568512538778109,0.07428277373971907,0.9189606130984,True
TAIWAN,norm,LIME,M5,5,0.647318300577442,0.368187384414841,0.17823035589105604,0.7819756594842671,True
TAIWAN,norm,LIME,M5,7,0.707392829942828,0.3211579218673183,0.2555493742881125,0.6868669871242412,True
TAIWAN,norm,LIME,M5,9,0.7642612283448682,0.26438912705122447,0.3506364571215497,0.6039422186115149,True
TAIWAN,norm,LIME,M5,12,0.8432634946492578,0.1769528769304649,0.4859603351871272,0.47442795273416366,True
GMSC,prob,SHAP,M1,1,0.0653584075521212,0.040432894941812264,0.00788719658999355,0.07976372295952479,True
GMSC,prob,SHAP,M1,2,0.09177940056240186,0.0054538383264007275,0.014489739414567908,0.07045975493773221,True
GMSC,prob,SHAP,M1,3,0.09841019188062637,-0.014774353932734812,0.023079852143782317,0.06078315086811824,True
GMSC,prob,SHAP,M1,4,0.09724053206533427,-0.026860530595222372,0.03295669529386623,0.05066112988302848,True
GMSC,prob,SHAP,M1,5,0.09461840157673578,-0.022772933061081857,0.04201996773677672,0.04169525624739779,True
GMSC,prob,SHAP,M2,1,0.06197949969640467,0.008511856744880787,0.004997493405349587,0.06756674103015485,True
GMSC,prob,SHAP,M2,2,0.07855949723045341,-0.010557002602610737,0.010731938923924418,0.05861752782667736,True
GMSC,prob,SHAP,M2,3,0.08465878037468065,-0.01046805569215212,0.01778702916449521,0.04969238784191657,True
GMSC,prob,SHAP,M2,4,0.08100072002632078,-0.00823986984079238,0.025218237968962966,0.04102668896361684,True
GMSC,prob,SHAP,M2,5,0.07869061917613726,-0.0071253068537916985,0.032681333548664045,0.03346893350894061,True
GMSC,prob,SHAP,M3,1,0.06197949969640467,0.008511856744880787,0.004997493405349587,0.06756674103015485,True
GMSC,prob,SHAP,M3,2,0.07855949723045341,-0.010557002602610737,0.010731938923924418,0.05861752782667736,True
GMSC,prob,SHAP,M3,3,0.08465878037468065,-0.01046805569215212,0.01778702916449521,0.04969238784191657,True
GMSC,prob,SHAP,M3,4,0.08100072002632078,-0.00823986984079238,0.025218237968962966,0.04102668896361684,True
GMSC,prob,SHAP,M3,5,0.07869061917613726,-0.0071253068537916985,0.032681333548664045,0.03346893350894061,True
GMSC,prob,SHAP,M4,1,0.055993512469343844,0.00898644050094299,0.004447728577169528,0.06429493714387535,True
GMSC,prob,SHAP,M4,2,0.07416894619213417,-0.009730030004167929,0.009943605343412855,0.0556106565770333,True
GMSC,prob,SHAP,M4,3,0.07946449061692692,-0.00990128502389416,0.016527616860992567,0.04689824813069026,True
GMSC,prob,SHAP,M4,4,0.07702571066073143,-0.009560467800823971,0.023549984850797956,0.03853546092452598,True
GMSC,prob,SHAP,M4,5,0.07407956593343988,-0.007882771105039864,0.030500078658685197,0.03120712520093548,True
GMSC,prob,SHAP,M5,1,0.05801664532115683,0.008888451207662,0.004570412843745544,0.06596628857597533,True
GMSC,prob,SHAP,M5,2,0.07663644316187128,-0.010149297198513523,0.010186053870159412,0.05705112457279574,True
GMSC,prob,SHAP,M5,3,0.08145324581721798,-0.009941388692008332,0.01704922204027389,0.04812153643787678,True
GMSC,prob,SHAP,M5,4,0.07899713404825888,-0.009560429458506405,0.024254245022095347,0.039548844869325646,True
GMSC,prob,SHAP,M5,5,0.07607067336118781,-0.007641178696649149,0.03144479575080368,0.03207963368972651,True
GMSC,prob,LIME,M1,1,0.028414953601080924,0.06485770467328257,0.00788719658999355,0.07976372295952479,True
GMSC,prob,LIME,M1,2,0.05014349462650716,0.04896203094403609,0.014489739414567908,0.07045975493773221,True
GMSC,prob,LIME,M1,3,0.07855968803027645,0.02791319811125868,0.023079852143782317,0.06078315086811824,True
GMSC,prob,LIME,M1,4,0.08860860971391958,0.007845417940683547,0.03295669529386623,0.05066112988302848,True
GMSC,prob,LIME,M1,5,0.08634889685965026,-0.00019364423511433415,0.04201996773677672,0.04169525624739779,True
GMSC,prob,LIME,M2,1,0.027210728984326124,0.03861487861070782,0.004997493405349587,0.06756674103015485,True
GMSC,prob,LIME,M2,2,0.04359841724298894,0.02570891702082008,0.010731938923924418,0.05861752782667736,True
GMSC,prob,LIME,M2,3,0.06375442037265748,0.01720301652699709,0.01778702916449521,0.04969238784191657,True
GMSC,prob,LIME,M2,4,0.06962078976025805,0.008527090287767351,0.025218237968962966,0.04102668896361684,True
GMSC,prob,LIME,M2,5,0.07495047498785425,0.000265701052849181,0.032681333548664045,0.03346893350894061,True
GMSC,prob,LIME,M3,1,0.027210728984326124,0.03861487861070782,0.004997493405349587,0.06756674103015485,True
GMSC,prob,LIME,M3,2,0.04359841724298894,0.02570891702082008,0.010731938923924418,0.05861752782667736,True
GMSC,prob,LIME,M3,3,0.06375442037265748,0.01720301652699709,0.01778702916449521,0.04969238784191657,True
GMSC,prob,LIME,M3,4,0.06962078976025805,0.008527090287767351,0.025218237968962966,0.04102668896361684,True
GMSC,prob,LIME,M3,5,0.07495047498785425,0.000265701052849181,0.032681333548664045,0.03346893350894061,True
GMSC,prob,LIME,M4,1,0.01488392686471343,0.04522523322841152,0.004447728577169528,0.06429493714387535,True
GMSC,prob,LIME,M4,2,0.03761112921871245,0.025415838609449567,0.009943605343412855,0.0556106565770333,True
GMSC,prob,LIME,M4,3,0.05754185609193519,0.01740847397549078,0.016527616860992567,0.04689824813069026,True
GMSC,prob,LIME,M4,4,0.062102673038840296,0.009325734665850178,0.023549984850797956,0.03853546092452598,True
GMSC,prob,LIME,M4,5,0.0654355098742526,0.004381397436838597,0.030500078658685197,0.03120712520093548,True
GMSC,prob,LIME,M5,1,0.014353840885683894,0.04763896790076978,0.004570412843745544,0.06596628857597533,True
GMSC,prob,LIME,M5,2,0.039265400495380166,0.02577788230846636,0.010186053870159412,0.05705112457279574,True
GMSC,prob,LIME,M5,3,0.059358167910948396,0.017618056757608427,0.01704922204027389,0.04812153643787678,True
GMSC,prob,LIME,M5,4,0.06497565601207315,0.009194158221362159,0.024254245022095347,0.039548844869325646,True
GMSC,prob,LIME,M5,5,0.06970608586189338,0.002280983813107014,0.03144479575080368,0.03207963368972651,True
GMSC,logit,SHAP,M1,1,0.43121679173689337,0.21894329701922835,0.026625105823230116,0.8241942814375507,True
GMSC,logit,SHAP,M1,2,0.7240586378127336,-0.06201580050587654,0.05971252068452304,0.6519070575910155,True
GMSC,logit,SHAP,M1,3,0.8648278642967343,-0.17355956368893385,0.12047797775996151,0.49980958333588205,True
GMSC,logit,SHAP,M1,4,0.9044046401232481,-0.22529093326255678,0.1955046516481234,0.3739921674428042,True
GMSC,logit,SHAP,M1,5,0.8993105080127716,-0.1862767766881734,0.2825388004877605,0.27361223375296684,True
GMSC,logit,SHAP,M2,1,0.4985857350751758,-0.040171810295432805,0.013110651823852095,0.6907482545773964,True
GMSC,logit,SHAP,M2,2,0.6984902129843831,-0.17442731850687415,0.04220024339747033,0.5456303209363832,True
GMSC,logit,SHAP,M2,3,0.7657600250542164,-0.13307801106595435,0.08928341312291013,0.41608356257434936,True
GMSC,logit,SHAP,M2,4,0.7709671475887299,-0.09209555291582365,0.14710930709473177,0.3119825540261227,True
GMSC,logit,SHAP,M2,5,0.7785911926850676,-0.08588123237434775,0.21646862463769503,0.22825061793194618,True
GMSC,logit,SHAP,M3,1,0.4985857350751758,-0.040171810295432805,0.013110651823852095,0.6907482545773964,True
GMSC,logit,SHAP,M3,2,0.6984902129843831,-0.17442731850687415,0.04220024339747033,0.5456303209363832,True
GMSC,logit,SHAP,M3,3,0.7657600250542164,-0.13307801106595435,0.08928341312291013,0.41608356257434936,True
GMSC,logit,SHAP,M3,4,0.7709671475887299,-0.09209555291582365,0.14710930709473177,0.3119825540261227,True
GMSC,logit,SHAP,M3,5,0.7785911926850676,-0.08588123237434775,0.21646862463769503,0.22825061793194618,True
GMSC,logit,SHAP,M4,1,0.388050748616457,-0.016057672951370477,0.010368746121289973,0.5931124122932088,True
GMSC,logit,SHAP,M4,2,0.5682607323005795,-0.1400562872365117,0.03636629921461281,0.4693761411666637,True
GMSC,logit,SHAP,M4,3,0.6335634312480688,-0.11963799512851983,0.07700843175451155,0.35853182066313455,True
GMSC,logit,SHAP,M4,4,0.6306724444776773,-0.09308006704039871,0.12724085206812014,0.26737540808613997,True
GMSC,logit,SHAP,M4,5,0.6334051736146211,-0.07902293847687543,0.18620373723603553,0.19530182159270043,True
GMSC,logit,SHAP,M5,1,0.40897481742873787,-0.02183491831505671,0.01131694079996123,0.6006646394653944,True
GMSC,logit,SHAP,M5,2,0.5937789900749921,-0.14345853964425623,0.03874890843582398,0.4766240936042741,True
GMSC,logit,SHAP,M5,3,0.6518181410953402,-0.11766259026248008,0.08148227334319927,0.3656085127652623,True
GMSC,logit,SHAP,M5,4,0.6548778509348631,-0.09163304531387985,0.13240517438173993,0.2737335690023319,True
GMSC,logit,SHAP,M5,5,0.6509718882739544,-0.0730489008994773,0.1926377411913945,0.2012738298010081,True
GMSC,logit,LIME,M1,1,0.13955176461394878,0.6648321001362055,0.026625105823230116,0.8241942814375507,True
GMSC,logit,LIME,M1,2,0.269151263166219,0.47986939107067883,0.05971252068452304,0.6519070575910155,True
GMSC,logit,LIME,M1,3,0.5957153500188143,0.17701630269549787,0.12047797775996151,0.49980958333588205,True
GMSC,logit,LIME,M1,4,0.7939480867311358,0.07439621812291443,0.1955046516481234,0.3739921674428042,True
GMSC,logit,LIME,M1,5,0.7949513748884202,-0.0004313753880560398,0.2825388004877605,0.27361223375296684,True
GMSC,logit,LIME,M2,1,0.14713092316687107,0.4349487195275724,0.013110651823852095,0.6907482545773964,True
GMSC,logit,LIME,M2,2,0.26473422651365397,0.2814495854834095,0.04220024339747033,0.5456303209363832,True
GMSC,logit,LIME,M2,3,0.452243304759264,0.16698817349178716,0.08928341312291013,0.41608356257434936,True
GMSC,logit,LIME,M2,4,0.5557030446790159,0.01721028972044587,0.14710930709473177,0.3119825540261227,True
GMSC,logit,LIME,M2,5,0.7299773201607168,-0.09718586628325283,0.21646862463769503,0.22825061793194618,True
GMSC,logit,LIME,M3,1,0.14713092316687107,0.4349487195275724,0.013110651823852095,0.6907482545773964,True
GMSC,logit,LIME,M3,2,0.26473422651365397,0.2814495854834095,0.04220024339747033,0.5456303209363832,True
GMSC,logit,LIME,M3,3,0.452243304759264,0.16698817349178716,0.08928341312291013,0.41608356257434936,True
GMSC,logit,LIME,M3,4,0.5557030446790159,0.01721028972044587,0.14710930709473177,0.3119825540261227,True
GMSC,logit,LIME,M3,5,0.7299773201607168,-0.09718586628325283,0.21646862463769503,0.22825061793194618,True
GMSC,logit,LIME,M4,1,0.06365878012403846,0.45857040827721357,0.010368746121289973,0.5931124122932088,True
GMSC,logit,LIME,M4,2,0.20608119777217507,0.2538566968925297,0.03636629921461281,0.4693761411666637,True
GMSC,logit,LIME,M4,3,0.37490328635275366,0.14840143539384007,0.07700843175451155,0.35853182066313455,True
GMSC,logit,LIME,M4,4,0.4312048612460494,0.03737727450579405,0.12724085206812014,0.26737540808613997,True
GMSC,logit,LIME,M4,5,0.4951714348644018,-0.014549444769509137,0.18620373723603553,0.19530182159270043,True
GMSC,logit,LIME,M5,1,0.05596418793126941,0.46082634668564426,0.01131694079996123,0.6006646394653944,True
GMSC,logit,LIME,M5,2,0.2132678011059761,0.25147133916709574,0.03874890843582398,0.4766240936042741,True
GMSC,logit,LIME,M5,3,0.3828946965560317,0.14869064812362193,0.08148227334319927,0.3656085127652623,True
GMSC,logit,LIME,M5,4,0.4621859514564276,0.02937312104459852,0.13240517438173993,0.2737335690023319,True
GMSC,logit,LIME,M5,5,0.552139504045248,-0.046402878413442525,0.1926377411913945,0.2012738298010081,True
GMSC,norm,SHAP,M1,1,0.5184186489404352,0.5182995187232776,0.06964136630396363,0.9307054715304311,True
GMSC,norm,SHAP,M1,2,0.7480666191069595,0.3549301465937614,0.17903571074479913,0.839861318170161,True
GMSC,norm,SHAP,M1,3,0.8179729021995085,0.19449594802596917,0.27178825758681424,0.7492879285089923,True
GMSC,norm,SHAP,M1,4,0.8927194288596603,0.042048850895930065,0.3908651254752656,0.6302791114196736,True
GMSC,norm,SHAP,M1,5,0.9009008426721511,0.023634199835564022,0.48983536651864873,0.5218320868599257,True
GMSC,norm,SHAP,M2,1,0.48804530793698897,0.4719432739653023,0.07180016453465801,0.8972750893416548,True
GMSC,norm,SHAP,M2,2,0.6271960419564597,0.2703555003590816,0.16696632308846832,0.7940956702980132,True
GMSC,norm,SHAP,M2,3,0.7240274723938531,0.1966517251447107,0.2559624374746373,0.685203227264261,True
GMSC,norm,SHAP,M2,4,0.8078490382194453,0.12082189413204426,0.3591707673520368,0.576779266952056,True
GMSC,norm,SHAP,M2,5,0.8562707123757862,0.09454980230307083,0.4608144638852841,0.475798839998792,True
GMSC,norm,SHAP,M3,1,0.48804530793698897,0.4719432739653023,0.07180016453465801,0.8972750893416548,True
GMSC,norm,SHAP,M3,2,0.6271960419564597,0.2703555003590816,0.16696632308846832,0.7940956702980132,True
GMSC,norm,SHAP,M3,3,0.7240274723938531,0.1966517251447107,0.2559624374746373,0.685203227264261,True
GMSC,norm,SHAP,M3,4,0.8078490382194453,0.12082189413204426,0.3591707673520368,0.576779266952056,True
GMSC,norm,SHAP,M3,5,0.8562707123757862,0.09454980230307083,0.4608144638852841,0.475798839998792,True
GMSC,norm,SHAP,M4,1,0.5019219985813707,0.5100939246849004,0.09161936307244971,0.898435243015995,True
GMSC,norm,SHAP,M4,2,0.6742351301004001,0.31296275290105174,0.18393884219632609,0.7987525031452503,True
GMSC,norm,SHAP,M4,3,0.7626018086558881,0.2281150315553953,0.2887466109384654,0.6917022405857481,True
GMSC,norm,SHAP,M4,4,0.8236408684186396,0.159544495670201,0.39499104996442497,0.5865240336853836,True
GMSC,norm,SHAP,M4,5,0.8742048837156564,0.11665747211522991,0.4930710065762302,0.4958092830524888,True
GMSC,norm,SHAP,M5,1,0.4821026467247651,0.5358196003424296,0.09625835683169738,0.8997513273063057,True
GMSC,norm,SHAP,M5,2,0.644065907876156,0.3427411742982386,0.19129237213837572,0.7961141284339966,True
GMSC,norm,SHAP,M5,3,0.7592271447738981,0.23798070708285027,0.29741211572731646,0.6936571016796054,True
GMSC,norm,SHAP,M5,4,0.8400034552903666,0.16111445127228038,0.40430439216651515,0.5831350719232141,True
GMSC,norm,SHAP,M5,5,0.8983110581500406,0.11702131735072802,0.501639143207018,0.4922069478221841,True
GMSC,norm,LIME,M1,1,0.1390345296571345,0.8998275920939685,0.06964136630396363,0.9307054715304311,True
GMSC,norm,LIME,M1,2,0.23109363146162895,0.7876462825396088,0.17903571074479913,0.839861318170161,True
GMSC,norm,LIME,M1,3,0.46309206196698205,0.582186030402055,0.27178825758681424,0.7492879285089923,True
GMSC,norm,LIME,M1,4,0.7122280586988657,0.3147392125995477,0.3908651254752656,0.6302791114196736,True
GMSC,norm,LIME,M1,5,0.854122443500124,0.1160995895327023,0.48983536651864873,0.5218320868599257,True
GMSC,norm,LIME,M2,1,0.1475561435420542,0.8364168625521415,0.07180016453465801,0.8972750893416548,True
GMSC,norm,LIME,M2,2,0.2596088840261036,0.720175423107966,0.16696632308846832,0.7940956702980132,True
GMSC,norm,LIME,M2,3,0.4476326095219291,0.5378984341692029,0.2559624374746373,0.685203227264261,True
GMSC,norm,LIME,M2,4,0.6174657144796751,0.3385692637540412,0.3591707673520368,0.576779266952056,True
GMSC,norm,LIME,M2,5,0.7362116240050423,0.18558463701529718,0.4608144638852841,0.475798839998792,True
GMSC,norm,LIME,M3,1,0.1475561435420542,0.8364168625521415,0.07180016453465801,0.8972750893416548,True
GMSC,norm,LIME,M3,2,0.2596088840261036,0.720175423107966,0.16696632308846832,0.7940956702980132,True
GMSC,norm,LIME,M3,3,0.4476326095219291,0.5378984341692029,0.2559624374746373,0.685203227264261,True
GMSC,norm,LIME,M3,4,0.6174657144796751,0.3385692637540412,0.3591707673520368,0.576779266952056,True
GMSC,norm,LIME,M3,5,0.7362116240050423,0.18558463701529718,0.4608144638852841,0.475798839998792,True
GMSC,norm,LIME,M4,1,0.0985992376988842,0.8842296773284637,0.09161936307244971,0.898435243015995,True
GMSC,norm,LIME,M4,2,0.2291038308951467,0.7602618078572964,0.18393884219632609,0.7987525031452503,True
GMSC,norm,LIME,M4,3,0.47482645033358484,0.5458960674133467,0.2887466109384654,0.6917022405857481,True
GMSC,norm,LIME,M4,4,0.6024415287086519,0.3986051657306965,0.39499104996442497,0.5865240336853836,True
GMSC,norm,LIME,M4,5,0.7119738814797749,0.2862187448739459,0.4930710065762302,0.4958092830524888,True
GMSC,norm,LIME,M5,1,0.10915800577095462,0.8708240251075645,0.09625835683169738,0.8997513273063057,True
GMSC,norm,LIME,M5,2,0.235809983764061,0.7494501054486409,0.19129237213837572,0.7961141284339966,True
GMSC,norm,LIME,M5,3,0.47914878377332865,0.5400773615947081,0.29741211572731646,0.6936571016796054,True
GMSC,norm,LIME,M5,4,0.6099004464478769,0.4174587036710446,0.40430439216651515,0.5831350719232141,True
GMSC,norm,LIME,M5,5,0.7046625622306983,0.31570260647688614,0.501639143207018,0.4922069478221841,True
